timestamp,predicted_label
693,0
700,0
707,0
714,0
721,0
728,0
735,0
742,0
749,0
756,0
763,0
770,0
777,0
784,0
791,0
798,0
805,0
812,0
819,0
826,0
833,0
840,0
847,0
854,0
861,0
868,0
875,0
882,0
889,0
896,0
903,0
910,0
917,0
924,0
931,0
938,0
945,0
952,0
959,0
966,0
973,0
980,0
987,0
994,0
1001,0
1008,0
1015,0
1022,0
1029,0
1036,0
1043,0
1050,0
1057,0
1064,0
1071,0
1078,0
1085,0
1092,0
1099,0
1106,0
1113,0
1120,0
1127,0
1134,0
1141,0
1148,0
1155,0
1162,0
1169,0
1176,0
1183,0
1190,0
1197,0
1204,0
1211,0
1218,0
1225,0
1232,0
1239,0
1246,0
1253,0
1260,0
1267,0
1274,0
1281,0
1288,0
1295,0
1302,0
1309,0
1316,0
1323,0
1330,0
1337,0
1344,0
1351,0
1358,0
1365,0
1372,0
1379,0
1386,0
1393,0
1400,0
1407,0
1414,0
1421,0
1428,0
1435,0
1442,0
1449,0
1456,0
1463,0
1470,0
1477,0
1484,0
1491,0
1498,0
1505,0
1512,0
1519,0
1526,0
1533,0
1540,0
1547,0
1554,0
1561,0
1568,0
1575,0
1582,0
1589,0
1596,0
1603,0
1610,0
1617,0
1624,0
1631,0
1638,0
1645,0
1652,0
1659,0
1666,0
1673,0
1680,0
1687,0
1694,0
1701,0
1708,0
1715,0
1722,0
1729,0
1736,0
1743,0
1750,0
1757,0
1764,0
1771,0
1778,0
1785,0
1792,0
1799,0
1806,0
1813,0
1820,0
1827,0
1834,0
1841,0
1848,0
1855,0
1862,0
1869,0
1876,0
1883,0
1890,0
1897,0
1904,0
1911,0
1918,0
1925,0
1932,0
1939,0
1946,0
1953,0
1960,0
1967,0
1974,0
1981,0
1988,0
1995,0
2002,0
2009,0
2016,0
2023,0
2030,0
2037,0
2044,0
2051,0
2058,0
2065,0
2072,0
2079,0
2086,0
2093,0
2100,0
2107,0
2114,0
2121,0
2128,0
2135,0
2142,0
2149,0
2156,0
2163,0
2170,0
2177,0
2184,0
2191,0
2198,0
2205,0
2212,0
2219,0
2226,0
2233,0
2240,0
2247,0
2254,0
2261,0
2268,0
2275,0
2282,0
2289,0
2296,0
2303,0
2310,0
2317,0
2324,0
2331,0
2338,0
2345,0
2352,0
2359,0
2366,0
2373,0
2380,0
2387,0
2394,0
2401,0
2408,0
2415,0
2422,0
2429,0
2436,0
2443,0
2450,0
2457,0
2464,0
2471,0
2478,0
2485,0
2492,0
2499,0
2506,0
2513,0
2520,0
2527,0
2534,0
2541,0
2548,0
2555,0
2562,0
2569,0
2576,0
2583,0
2590,0
2597,0
2604,0
2611,0
2618,0
2625,0
2632,0
2639,0
2646,0
2653,0
2660,0
2667,0
2674,0
2681,0
2688,0
2695,0
2702,0
2709,0
2716,0
2723,0
2730,0
2737,0
2744,0
2751,0
2758,0
2765,0
2772,0
2779,0
2786,0
2793,0
2800,0
2807,0
2814,0
2821,0
2828,0
2835,0
2842,0
2849,0
2856,0
2863,0
2870,0
2877,0
2884,0
2891,0
2898,0
2905,0
2912,0
2919,0
2926,0
2933,0
2940,0
2947,0
2954,0
2961,0
2968,0
2975,0
2982,0
2989,0
2996,0
3003,0
3010,0
3017,0
3024,0
3031,0
3038,0
3045,0
3052,0
3059,0
3066,0
3073,0
3080,0
3087,0
3094,0
3101,0
3108,0
3115,0
3122,0
3129,0
3136,0
3143,0
3150,0
3157,0
3164,0
3171,0
3178,0
3185,0
3192,0
3199,0
3206,0
3213,0
3220,0
3227,0
3234,0
3241,0
3248,0
3255,0
3262,0
3269,0
3276,0
3283,0
3290,0
3297,0
3304,0
3311,0
3318,0
3325,0
3332,0
3339,0
3346,0
3353,0
3360,0
3367,0
3374,0
3381,0
3388,0
3395,0
3402,0
3409,0
3416,0
3423,0
3430,0
3437,0
3444,0
3451,0
3458,0
3465,0
3472,0
3479,0
3486,0
3493,0
3500,0
3507,0
3514,0
3521,0
3528,0
3535,0
3542,0
3549,0
3556,0
3563,0
3570,0
3577,0
3584,0
3591,0
3598,0
3605,0
3612,0
3619,0
3626,0
3633,0
3640,0
3647,0
3654,0
3661,0
3668,0
3675,0
3682,0
3689,0
3696,0
3703,0
3710,0
3717,0
3724,0
3731,0
3738,0
3745,0
3752,0
3759,0
3766,0
3773,0
3780,0
3787,0
3794,0
3801,0
3808,0
3815,0
3822,0
3829,0
3836,0
3843,0
3850,0
3857,0
3864,0
3871,0
3878,0
3885,0
3892,0
3899,0
3906,0
3913,0
3920,0
3927,0
3934,0
3941,0
3948,0
3955,0
3962,0
3969,0
3976,0
3983,0
3990,0
3997,0
4004,0
4011,0
4018,0
4025,0
4032,0
4039,0
4046,0
4053,0
4060,0
4067,0
4074,0
4081,0
4088,0
4095,0
4102,0
4109,0
4116,0
4123,0
4130,0
4137,0
4144,0
4151,0
4158,0
4165,0
4172,0
4179,0
4186,0
4193,0
4200,0
4207,0
4214,0
4221,0
4228,0
4235,0
4242,0
4249,0
4256,0
4263,0
4270,0
4277,0
4284,0
4291,0
4298,0
4305,0
4312,0
4319,0
4326,0
4333,0
4340,0
4347,0
4354,0
4361,0
4368,0
4375,0
4382,0
4389,0
4396,0
4403,0
4410,0
4417,0
4424,0
4431,0
4438,0
4445,0
4452,0
4459,0
4466,0
4473,0
4480,0
4487,0
4494,0
4501,0
4508,0
4515,0
4522,0
4529,0
4536,0
4543,0
4550,0
4557,0
4564,0
4571,0
4578,0
4585,0
4592,0
4599,0
4606,0
4613,0
4620,0
4627,0
4634,0
4641,0
4648,0
4655,0
4662,0
4669,0
4676,0
4683,0
4690,0
4697,0
4704,0
4711,0
4718,0
4725,0
4732,0
4739,0
4746,0
4753,0
4760,0
4767,0
4774,0
4781,0
4788,0
4795,0
4802,0
4809,0
4816,0
4823,0
4830,0
4837,0
4844,0
4851,0
4858,0
4865,0
4872,0
4879,0
4886,0
4893,0
4900,0
4907,0
4914,0
4921,0
4928,0
4935,0
4942,0
4949,0
4956,0
4963,0
4970,0
4977,0
4984,0
4991,0
4998,0
5005,0
5012,0
5019,0
5026,0
5033,0
5040,0
5047,0
5054,0
5061,0
5068,0
5075,0
5082,0
5089,0
5096,0
5103,0
5110,0
5117,0
5124,0
5131,0
5138,0
5145,0
5152,0
5159,0
5166,0
5173,0
5180,0
5187,0
5194,0
5201,0
5208,0
5215,0
5222,0
5229,0
5236,0
5243,0
5250,0
5257,0
5264,0
5271,0
5278,0
5285,0
5292,0
5299,0
5306,0
5313,0
5320,0
5327,0
5334,0
5341,0
5348,0
5355,0
5362,0
5369,0
5376,0
5383,0
5390,0
5397,0
5404,0
5411,0
5418,0
5425,0
5432,0
5439,0
5446,0
5453,0
5460,0
5467,0
5474,0
5481,0
5488,0
5495,0
5502,0
5509,0
5516,0
5523,0
5530,0
5537,0
5544,0
5551,0
5558,0
5565,0
5572,0
5579,0
5586,0
5593,0
5600,0
5607,0
5614,0
5621,0
5628,0
5635,0
5642,0
5649,0
5656,0
5663,0
5670,0
5677,0
5684,0
5691,0
5698,0
5705,0
5712,0
5719,0
5726,0
5733,0
5740,0
5747,0
5754,0
5761,0
5768,0
5775,0
5782,0
5789,0
5796,0
5803,0
5810,0
5817,0
5824,0
5831,0
5838,0
5845,0
5852,0
5859,0
5866,0
5873,0
5880,0
5887,0
5894,0
5901,0
5908,0
5915,0
5922,0
5929,0
5936,0
5943,0
5950,0
5957,0
5964,0
5971,0
5978,0
5985,0
5992,0
5999,0
6006,0
6013,0
6020,0
6027,0
6034,0
6041,0
6048,0
6055,0
6062,0
6069,0
6076,0
6083,0
6090,0
6097,0
6104,0
6111,0
6118,0
6125,0
6132,0
6139,0
6146,0
6153,0
6160,0
6167,0
6174,0
6181,0
6188,0
6195,0
6202,0
6209,0
6216,0
6223,0
6230,0
6237,0
6244,0
6251,0
6258,0
6265,0
6272,0
6279,0
6286,0
6293,0
6300,0
6307,0
6314,0
6321,0
6328,0
6335,0
6342,0
6349,0
6356,0
6363,0
6370,0
6377,0
6384,0
6391,0
6398,0
6405,0
6412,0
6419,0
6426,0
6433,0
6440,0
6447,0
6454,0
6461,0
6468,0
6475,0
6482,0
6489,0
6496,0
6503,0
6510,0
6517,0
6524,0
6531,0
6538,0
6545,0
6552,0
6559,0
6566,0
6573,0
6580,0
6587,0
6594,0
6601,0
6608,0
6615,0
6622,0
6629,0
6636,0
6643,0
6650,0
6657,0
6664,0
6671,0
6678,0
6685,0
6692,0
6699,0
6706,0
6713,0
6720,0
6727,0
6734,0
6741,0
6748,0
6755,0
6762,0
6769,0
6776,0
6783,0
6790,0
6797,0
6804,0
6811,0
6818,0
6825,0
6832,0
6839,0
6846,0
6853,0
6860,0
6867,0
6874,0
6881,0
6888,0
6895,0
6902,0
6909,0
6916,0
6923,0
6930,0
6937,0
6944,0
6951,0
6958,0
6965,0
6972,0
6979,0
6986,0
6993,0
7000,0
7007,0
7014,0
7021,0
7028,0
7035,0
7042,0
7049,0
7056,0
7063,0
7070,0
7077,0
7084,0
7091,0
7098,0
7105,0
7112,0
7119,0
7126,0
7133,0
7140,0
7147,0
7154,0
7161,0
7168,0
7175,0
7182,0
7189,0
7196,0
7203,0
7210,0
7217,0
7224,0
7231,0
7238,0
7245,0
7252,0
7259,0
7266,0
7273,0
7280,0
7287,0
7294,0
7301,0
7308,0
7315,0
7322,0
7329,0
7336,0
7343,0
7350,0
7357,0
7364,0
7371,0
7378,0
7385,0
7392,0
7399,0
7406,0
7413,0
7420,0
7427,0
7434,0
7441,0
7448,0
7455,0
7462,0
7469,0
7476,0
7483,0
7490,0
7497,0
7504,0
7511,0
7518,0
7525,0
7532,0
7539,0
7546,0
7553,0
7560,0
7567,0
7574,0
7581,0
7588,0
7595,0
7602,0
7609,0
7616,0
7623,0
7630,0
7637,0
7644,0
7651,0
7658,0
7665,0
7672,0
7679,0
7686,0
7693,0
7700,0
7707,0
7714,0
7721,0
7728,0
7735,0
7742,0
7749,0
7756,0
7763,0
7770,0
7777,0
7784,0
7791,0
7798,0
7805,0
7812,0
7819,0
7826,0
7833,0
7840,0
7847,0
7854,0
7861,0
7868,0
7875,0
7882,0
7889,0
7896,0
7903,0
7910,0
7917,0
7924,0
7931,0
7938,0
7945,0
7952,0
7959,0
7966,0
7973,0
7980,0
7987,0
7994,0
8001,0
8008,0
8015,0
8022,0
8029,0
8036,0
8043,0
8050,0
8057,0
8064,0
8071,0
8078,0
8085,0
8092,0
8099,0
8106,0
8113,0
8120,0
8127,0
8134,0
8141,0
8148,0
8155,0
8162,0
8169,0
8176,0
8183,0
8190,0
8197,0
8204,0
8211,0
8218,0
8225,0
8232,0
8239,0
8246,0
8253,0
8260,0
8267,0
8274,0
8281,0
8288,0
8295,0
8302,0
8309,0
8316,0
8323,0
8330,0
8337,0
8344,0
8351,0
8358,0
8365,0
8372,0
8379,0
8386,0
8393,0
8400,0
8407,0
8414,0
8421,0
8428,0
8435,0
8442,0
8449,0
8456,0
8463,0
8470,0
8477,0
8484,0
8491,0
8498,0
8505,0
8512,0
8519,0
8526,0
8533,0
8540,0
8547,0
8554,0
8561,0
8568,0
8575,0
8582,0
8589,0
8596,0
8603,0
8610,0
8617,0
8624,0
8631,0
8638,0
8645,0
8652,0
8659,0
8666,0
8673,0
8680,0
8687,0
8694,0
8701,0
8708,0
8715,0
8722,0
8729,0
8736,0
8743,0
8750,0
8757,0
8764,0
8771,0
8778,0
8785,0
8792,0
8799,0
8806,0
8813,0
8820,0
8827,0
8834,0
8841,0
8848,0
8855,0
8862,0
8869,0
8876,0
8883,0
8890,0
8897,0
8904,0
8911,0
8918,0
8925,0
8932,0
8939,0
8946,0
8953,0
8960,0
8967,0
8974,0
8981,0
8988,0
8995,0
9002,0
9009,0
9016,0
9023,0
9030,0
9037,0
9044,0
9051,0
9058,0
9065,0
9072,0
9079,0
9086,0
9093,0
9100,0
9107,0
9114,0
9121,0
9128,0
9135,0
9142,0
9149,0
9156,0
9163,0
9170,0
9177,0
9184,0
9191,0
9198,0
9205,0
9212,0
9219,0
9226,0
9233,0
9240,0
9247,0
9254,0
9261,0
9268,0
9275,0
9282,0
9289,0
9296,0
9303,0
9310,0
9317,0
9324,0
9331,0
9338,0
9345,0
9352,0
9359,0
9366,0
9373,0
9380,0
9387,0
9394,0
9401,0
9408,0
9415,0
9422,0
9429,0
9436,0
9443,0
9450,0
9457,0
9464,0
9471,0
9478,0
9485,0
9492,0
9499,0
9506,0
9513,0
9520,0
9527,0
9534,0
9541,0
9548,0
9555,0
9562,0
9569,0
9576,0
9583,0
9590,0
9597,0
9604,0
9611,0
9618,0
9625,0
9632,0
9639,0
9646,0
9653,0
9660,0
9667,0
9674,0
9681,0
9688,0
9695,0
9702,0
9709,0
9716,0
9723,0
9730,0
9737,0
9744,0
9751,0
9758,0
9765,0
9772,0
9779,0
9786,0
9793,0
9800,0
9807,0
9814,0
9821,0
9828,0
9835,0
9842,0
9849,0
9856,0
9863,0
9870,0
9877,0
9884,0
9891,0
9898,0
9905,0
9912,0
9919,0
9926,0
9933,0
9940,0
9947,0
9954,0
9961,0
9968,0
9975,0
9982,0
9989,0
9996,0
10003,0
10010,0
10017,0
10024,0
10031,0
10038,0
10045,0
10052,0
10059,0
10066,0
10073,0
10080,0
10087,0
10094,0
10101,0
10108,0
10115,0
10122,0
10129,0
10136,0
10143,0
10150,0
10157,0
10164,0
10171,0
10178,0
10185,0
10192,0
10199,0
10206,0
10213,0
10220,0
10227,0
10234,0
10241,0
10248,0
10255,0
10262,0
10269,0
10276,0
10283,0
10290,0
10297,0
10304,0
10311,0
10318,0
10325,0
10332,0
10339,0
10346,0
10353,0
10360,0
10367,0
10374,0
10381,0
10388,0
10395,0
10402,0
10409,0
10416,0
10423,0
10430,0
10437,0
10444,0
10451,0
10458,0
10465,0
10472,0
10479,0
10486,0
10493,0
10500,0
10507,0
10514,0
10521,0
10528,0
10535,0
10542,0
10549,0
10556,0
10563,0
10570,0
10577,0
10584,0
10591,0
10598,0
10605,0
10612,0
10619,0
10626,0
10633,0
10640,0
10647,0
10654,0
10661,0
10668,0
10675,0
10682,0
10689,0
10696,0
10703,0
10710,0
10717,0
10724,0
10731,0
10738,0
10745,0
10752,0
10759,0
10766,0
10773,0
10780,0
10787,0
10794,0
10801,0
10808,0
10815,0
10822,0
10829,0
10836,0
10843,0
10850,0
10857,0
10864,0
10871,0
10878,0
10885,0
10892,0
10899,0
10906,0
10913,0
10920,0
10927,0
10934,0
10941,0
10948,0
10955,0
10962,0
10969,0
10976,0
10983,0
10990,0
10997,0
11004,0
11011,0
11018,0
11025,0
11032,0
11039,0
11046,0
11053,0
11060,0
11067,0
11074,0
11081,0
11088,0
11095,0
11102,0
11109,0
11116,0
11123,0
11130,0
11137,0
11144,0
11151,0
11158,0
11165,0
11172,0
11179,0
11186,0
11193,0
11200,0
11207,0
11214,0
11221,0
11228,0
11235,0
11242,0
11249,0
11256,0
11263,0
11270,0
11277,0
11284,0
11291,0
11298,0
11305,0
11312,0
11319,0
11326,0
11333,0
11340,0
11347,0
11354,0
11361,0
11368,0
11375,0
11382,0
11389,0
11396,0
11403,0
11410,0
11417,0
11424,0
11431,0
11438,0
11445,0
11452,0
11459,0
11466,0
11473,0
11480,0
11487,0
11494,0
11501,0
11508,0
11515,0
11522,0
11529,0
11536,0
11543,0
11550,0
11557,0
11564,0
11571,0
11578,0
11585,0
11592,0
11599,0
11606,0
11613,0
11620,0
11627,0
11634,0
11641,0
11648,0
11655,0
11662,0
11669,0
11676,0
11683,0
11690,0
11697,0
11704,0
11711,0
11718,0
11725,0
11732,0
11739,0
11746,0
11753,0
11760,0
11767,0
11774,0
11781,0
11788,0
11795,0
11802,0
11809,0
11816,0
11823,0
11830,0
11837,0
11844,0
11851,0
11858,0
11865,0
11872,0
11879,0
11886,0
11893,0
11900,0
11907,0
11914,0
11921,0
11928,0
11935,0
11942,0
11949,0
11956,0
11963,0
11970,0
11977,0
11984,0
11991,0
11998,0
12005,0
12012,0
12019,0
12026,0
12033,0
12040,0
12047,0
12054,0
12061,0
12068,0
12075,0
12082,0
12089,0
12096,0
12103,0
12110,0
12117,0
12124,0
12131,0
12138,0
12145,0
12152,0
12159,0
12166,0
12173,0
12180,0
12187,0
12194,0
12201,0
12208,0
12215,0
12222,0
12229,0
12236,0
12243,0
12250,0
12257,0
12264,0
12271,0
12278,0
12285,0
12292,0
12299,0
12306,0
12313,0
12320,0
12327,0
12334,0
12341,0
12348,0
12355,0
12362,0
12369,0
12376,0
12383,0
12390,0
12397,0
12404,0
12411,0
12418,0
12425,0
12432,0
12439,0
12446,0
12453,0
12460,0
12467,0
12474,0
12481,0
12488,0
12495,0
12502,0
12509,0
12516,0
12523,0
12530,0
12537,0
12544,0
12551,0
12558,0
12565,0
12572,0
12579,0
12586,0
12593,0
12600,0
12607,0
12614,0
12621,0
12628,0
12635,0
12642,0
12649,0
12656,0
12663,0
12670,0
12677,0
12684,0
12691,0
12698,0
12705,0
12712,0
12719,0
12726,0
12733,0
12740,0
12747,0
12754,0
12761,0
12768,0
12775,0
12782,0
12789,0
12796,0
12803,0
12810,0
12817,0
12824,0
12831,0
12838,0
12845,0
12852,0
12859,0
12866,0
12873,0
12880,0
12887,0
12894,0
12901,0
12908,0
12915,0
12922,0
12929,0
12936,0
12943,0
12950,0
12957,0
12964,0
12971,0
12978,0
12985,0
12992,0
12999,0
13006,0
13013,0
13020,0
13027,0
13034,0
13041,0
13048,0
13055,0
13062,0
13069,0
13076,0
13083,0
13090,0
13097,0
13104,0
13111,0
13118,0
13125,0
13132,0
13139,0
13146,0
13153,0
13160,0
13167,0
13174,0
13181,0
13188,0
13195,0
13202,0
13209,0
13216,0
13223,0
13230,0
13237,0
13244,0
13251,0
13258,0
13265,0
13272,0
13279,0
13286,0
13293,0
13300,0
13307,0
13314,0
13321,0
13328,0
13335,0
13342,0
13349,0
13356,0
13363,0
13370,0
13377,0
13384,0
13391,0
13398,0
13405,0
13412,0
13419,0
13426,0
13433,0
13440,0
13447,0
13454,0
13461,0
13468,0
13475,0
13482,0
13489,0
13496,0
13503,0
13510,0
13517,0
13524,0
13531,0
13538,0
13545,0
13552,0
13559,0
13566,0
13573,0
13580,0
13587,0
13594,0
13601,0
13608,0
13615,0
13622,0
13629,0
13636,0
13643,0
13650,0
13657,0
13664,0
13671,0
13678,0
13685,0
13692,0
13699,0
13706,0
13713,0
13720,0
13727,0
13734,0
13741,0
13748,0
13755,0
13762,0
13769,0
13776,0
13783,0
13790,0
13797,0
13804,0
13811,0
13818,0
13825,0
13832,0
13839,0
13846,0
13853,0
13860,0
13867,0
13874,0
13881,0
13888,0
13895,0
13902,0
13909,0
13916,0
13923,0
13930,0
13937,0
13944,0
13951,0
13958,0
13965,0
13972,0
13979,0
13986,0
13993,0
14000,0
14007,0
14014,0
14021,0
14028,0
14035,0
14042,0
14049,0
14056,0
14063,0
14070,0
14077,0
14084,0
14091,0
14098,0
14105,0
14112,0
14119,0
14126,0
14133,0
14140,0
14147,0
14154,0
14161,0
14168,0
14175,0
14182,0
14189,0
14196,0
14203,0
14210,0
14217,0
14224,0
14231,0
14238,0
14245,0
14252,0
14259,0
14266,0
14273,0
14280,0
14287,0
14294,0
14301,0
14308,0
14315,0
14322,0
14329,0
14336,0
14343,0
14350,0
14357,0
14364,0
14371,0
14378,0
14385,0
14392,0
14399,0
14406,0
14413,0
14420,0
14427,0
14434,0
14441,0
14448,0
14455,0
14462,0
14469,0
14476,0
14483,0
14490,0
14497,0
14504,0
14511,0
14518,0
14525,0
14532,0
14539,0
14546,0
14553,0
14560,0
14567,0
14574,0
14581,0
14588,0
14595,0
14602,0
14609,0
14616,0
14623,0
14630,0
14637,0
14644,0
14651,0
14658,0
14665,0
14672,0
14679,0
14686,0
14693,0
14700,0
14707,0
14714,0
14721,0
14728,0
14735,0
14742,0
14749,0
14756,0
14763,0
14770,0
14777,0
14784,0
14791,0
14798,0
14805,0
14812,0
14819,0
14826,0
14833,0
14840,0
14847,0
14854,0
14861,0
14868,0
14875,0
14882,0
14889,0
14896,0
14903,0
14910,0
14917,0
14924,0
14931,0
14938,0
14945,0
14952,0
14959,0
14966,0
14973,0
14980,0
14987,0
14994,0
15001,0
15008,0
15015,0
15022,0
15029,0
15036,0
15043,0
15050,0
15057,0
15064,0
15071,0
15078,0
15085,0
15092,0
15099,0
15106,0
15113,0
15120,0
15127,0
15134,0
15141,0
15148,0
15155,0
15162,0
15169,0
15176,0
15183,0
15190,0
15197,0
15204,0
15211,0
15218,0
15225,0
15232,0
15239,0
15246,0
15253,0
15260,0
15267,0
15274,0
15281,0
15288,0
15295,0
15302,0
15309,0
15316,0
15323,0
15330,0
15337,0
15344,0
15351,0
15358,0
15365,0
15372,0
15379,0
15386,0
15393,0
15400,0
15407,0
15414,0
15421,0
15428,0
15435,0
15442,0
15449,0
15456,0
15463,0
15470,0
15477,0
15484,0
15491,0
15498,0
15505,0
15512,0
15519,0
15526,0
15533,0
15540,0
15547,0
15554,0
15561,0
15568,0
15575,0
15582,0
15589,0
15596,0
15603,0
15610,0
15617,0
15624,0
15631,0
15638,0
15645,0
15652,0
15659,0
15666,0
15673,0
15680,0
15687,0
15694,0
15701,0
15708,0
15715,0
15722,0
15729,0
15736,0
15743,0
15750,0
15757,0
15764,0
15771,0
15778,0
15785,0
15792,0
15799,0
15806,0
15813,0
15820,0
15827,0
15834,0
15841,0
15848,0
15855,0
15862,0
15869,0
15876,0
15883,0
15890,0
15897,0
15904,0
15911,0
15918,0
15925,0
15932,0
15939,0
15946,0
15953,0
15960,0
15967,0
15974,0
15981,0
15988,0
15995,0
16002,0
16009,0
16016,0
16023,0
16030,0
16037,0
16044,0
16051,0
16058,0
16065,0
16072,0
16079,0
16086,0
16093,0
16100,0
16107,0
16114,0
16121,0
16128,0
16135,0
16142,0
16149,0
16156,0
16163,0
16170,0
16177,0
16184,0
16191,0
16198,0
16205,0
16212,0
16219,0
16226,0
16233,0
16240,0
16247,0
16254,0
16261,0
16268,0
16275,0
16282,0
16289,0
16296,0
16303,0
16310,0
16317,0
16324,0
16331,0
16338,0
16345,0
16352,0
16359,0
16366,0
16373,0
16380,0
16387,0
16394,0
16401,0
16408,0
16415,0
16422,0
16429,0
16436,0
16443,0
16450,0
16457,0
16464,0
16471,0
16478,0
16485,0
16492,0
16499,0
16506,0
16513,0
16520,0
16527,0
16534,0
16541,0
16548,0
16555,0
16562,0
16569,0
16576,0
16583,0
16590,0
16597,0
16604,0
16611,0
16618,0
16625,0
16632,0
16639,0
16646,0
16653,0
16660,0
16667,0
16674,0
16681,0
16688,0
16695,0
16702,0
16709,0
16716,0
16723,0
16730,0
16737,0
16744,0
16751,0
16758,0
16765,0
16772,0
16779,0
16786,0
16793,0
16800,0
16807,0
16814,0
16821,0
16828,0
16835,0
16842,0
16849,0
16856,0
16863,0
16870,0
16877,0
16884,0
16891,0
16898,0
16905,0
16912,0
16919,0
16926,0
16933,0
16940,0
16947,0
16954,0
16961,0
16968,0
16975,0
16982,0
16989,0
16996,0
17003,0
17010,0
17017,0
17024,0
17031,0
17038,0
17045,0
17052,0
17059,0
17066,0
17073,0
17080,0
17087,0
17094,0
17101,0
17108,0
17115,0
17122,0
17129,0
17136,0
17143,0
17150,0
17157,0
17164,0
17171,0
17178,0
17185,0
17192,0
17199,0
17206,0
17213,0
17220,0
17227,0
17234,0
17241,0
17248,0
17255,0
17262,0
17269,0
17276,0
17283,0
17290,0
17297,0
17304,0
17311,0
17318,0
17325,0
17332,0
17339,0
17346,0
17353,0
17360,0
17367,0
17374,0
17381,0
17388,0
17395,0
17402,0
17409,0
17416,0
17423,0
17430,0
17437,0
17444,0
17451,0
17458,0
17465,0
17472,0
17479,0
17486,0
17493,0
17500,0
17507,0
17514,0
17521,0
17528,0
17535,0
17542,0
17549,0
17556,0
17563,0
17570,0
17577,0
17584,0
17591,0
17598,0
17605,0
17612,0
17619,0
17626,0
17633,0
17640,0
17647,0
17654,0
17661,0
17668,0
17675,0
17682,0
17689,0
17696,0
17703,0
17710,0
17717,0
17724,0
17731,0
17738,0
17745,0
17752,0
17759,0
17766,0
17773,0
17780,0
17787,0
17794,0
17801,0
17808,0
17815,0
17822,0
17829,0
17836,0
17843,0
17850,0
17857,0
17864,0
17871,0
17878,0
17885,0
17892,0
17899,0
17906,0
17913,0
17920,0
17927,0
17934,0
17941,0
17948,0
17955,0
17962,0
17969,0
17976,0
17983,0
17990,0
17997,0
18004,0
18011,0
18018,0
18025,0
18032,0
18039,0
18046,0
18053,0
18060,0
18067,0
18074,0
18081,0
18088,0
18095,0
18102,0
18109,0
18116,0
18123,0
18130,0
18137,0
18144,0
18151,0
18158,0
18165,0
18172,0
18179,0
18186,0
18193,0
18200,0
18207,0
18214,0
18221,0
18228,0
18235,0
18242,0
18249,0
18256,0
18263,0
18270,0
18277,0
18284,0
18291,0
18298,0
18305,0
18312,0
18319,0
18326,0
18333,0
18340,0
18347,0
18354,0
18361,0
18368,0
18375,0
18382,0
18389,0
18396,0
18403,0
18410,0
18417,0
18424,0
18431,0
18438,0
18445,0
18452,0
18459,0
18466,0
18473,0
18480,0
18487,0
18494,0
18501,0
18508,0
18515,0
18522,0
18529,0
18536,0
18543,0
18550,0
18557,0
18564,0
18571,0
18578,0
18585,0
18592,0
18599,0
18606,0
18613,0
18620,0
18627,0
18634,0
18641,0
18648,0
18655,0
18662,0
18669,0
18676,0
18683,0
18690,0
18697,0
18704,0
18711,0
18718,0
18725,0
18732,0
18739,0
18746,0
18753,0
18760,0
18767,0
18774,0
18781,0
18788,0
18795,0
18802,0
18809,0
18816,0
18823,0
18830,0
18837,0
18844,0
18851,0
18858,0
18865,0
18872,0
18879,0
18886,0
18893,0
18900,0
18907,0
18914,0
18921,0
18928,0
18935,0
18942,0
18949,0
18956,0
18963,0
18970,0
18977,0
18984,0
18991,0
18998,0
19005,0
19012,0
19019,0
19026,0
19033,0
19040,0
19047,0
19054,0
19061,0
19068,0
19075,0
19082,0
19089,0
19096,0
19103,0
19110,0
19117,0
19124,0
19131,0
19138,0
19145,0
19152,0
19159,0
19166,0
19173,0
19180,0
19187,0
19194,0
19201,0
19208,0
19215,0
19222,0
19229,0
19236,0
19243,0
19250,0
19257,0
19264,0
19271,0
19278,0
19285,0
19292,0
19299,0
19306,0
19313,0
19320,0
19327,0
19334,0
19341,0
19348,0
19355,0
19362,0
19369,0
19376,0
19383,0
19390,0
19397,0
19404,0
19411,0
19418,0
19425,0
19432,0
19439,0
19446,0
19453,0
19460,0
19467,0
19474,0
19481,0
19488,0
19495,0
19502,0
19509,0
19516,0
19523,0
19530,0
19537,0
19544,0
19551,0
19558,0
19565,0
19572,0
19579,0
19586,0
19593,0
19600,0
19607,0
19614,0
19621,0
19628,0
19635,0
19642,0
19649,0
19656,0
19663,0
19670,0
19677,0
19684,0
19691,0
19698,0
19705,0
19712,0
19719,0
19726,0
19733,0
19740,0
19747,0
19754,0
19761,0
19768,0
19775,0
19782,0
19789,0
19796,0
19803,0
19810,0
19817,0
19824,0
19831,0
19838,0
19845,0
19852,0
19859,0
19866,0
19873,0
19880,0
19887,0
19894,0
19901,0
19908,0
19915,0
19922,0
19929,0
19936,0
19943,0
19950,0
19957,0
19964,0
19971,0
19978,0
19985,0
19992,0
19999,0
20006,0
20013,0
20020,0
20027,0
20034,0
20041,0
20048,0
20055,0
20062,0
20069,0
20076,0
20083,0
20090,0
20097,0
20104,0
20111,0
20118,0
20125,0
20132,0
20139,0
20146,0
20153,0
20160,0
20167,0
20174,0
20181,0
20188,0
20195,0
20202,0
20209,0
20216,0
20223,0
20230,0
20237,0
20244,0
20251,0
20258,0
20265,0
20272,0
20279,0
20286,0
20293,0
20300,0
20307,0
20314,0
20321,0
20328,0
20335,0
20342,0
20349,0
20356,0
20363,0
20370,0
20377,0
20384,0
20391,0
20398,0
20405,0
20412,0
20419,0
20426,0
20433,0
20440,0
20447,0
20454,0
20461,0
20468,0
20475,0
20482,0
20489,0
20496,0
20503,0
20510,0
20517,0
20524,0
20531,0
20538,0
20545,0
20552,0
20559,0
20566,0
20573,0
20580,0
20587,0
20594,0
20601,0
20608,0
20615,0
20622,0
20629,0
20636,0
20643,0
20650,0
20657,0
20664,0
20671,0
20678,0
20685,0
20692,0
20699,0
20706,0
20713,0
20720,0
20727,0
20734,0
20741,0
20748,0
20755,0
20762,0
20769,0
20776,0
20783,0
20790,0
20797,0
20804,0
20811,0
20818,0
20825,0
20832,0
20839,0
20846,0
20853,0
20860,0
20867,0
20874,0
20881,0
20888,0
20895,0
20902,0
20909,0
20916,0
20923,0
20930,0
20937,0
20944,0
20951,0
20958,0
20965,0
20972,0
20979,0
20986,0
20993,0
21000,0
21007,0
21014,0
21021,0
21028,0
21035,0
21042,0
21049,0
21056,0
21063,0
21070,0
21077,0
21084,0
21091,0
21098,0
21105,0
21112,0
21119,0
21126,0
21133,0
21140,0
21147,0
21154,0
21161,0
21168,0
21175,0
21182,0
21189,0
21196,0
21203,0
21210,0
21217,0
21224,0
21231,0
21238,0
21245,0
21252,0
21259,0
21266,0
21273,0
21280,0
21287,0
21294,0
21301,0
21308,0
21315,0
21322,0
21329,0
21336,0
21343,0
21350,0
21357,0
21364,0
21371,0
21378,0
21385,0
21392,0
21399,0
21406,0
21413,0
21420,0
21427,0
21434,0
21441,0
21448,0
21455,0
21462,0
21469,0
21476,0
21483,0
21490,0
21497,0
21504,0
21511,0
21518,0
21525,0
21532,0
21539,0
21546,0
21553,0
21560,0
21567,0
21574,0
21581,0
21588,0
21595,0
21602,0
21609,0
21616,0
21623,0
21630,0
21637,0
21644,0
21651,0
21658,0
21665,0
21672,0
21679,0
21686,0
21693,0
21700,0
21707,0
21714,0
21721,0
21728,0
21735,0
21742,0
21749,0
21756,0
21763,0
21770,0
21777,0
21784,0
21791,0
21798,0
21805,0
21812,0
21819,0
21826,0
21833,0
21840,0
21847,0
21854,0
21861,0
21868,0
21875,0
21882,0
21889,0
21896,0
21903,0
21910,0
21917,0
21924,0
21931,0
21938,0
21945,0
21952,0
21959,0
21966,0
21973,0
21980,0
21987,0
21994,0
22001,0
22008,0
22015,0
22022,0
22029,0
22036,0
22043,0
22050,0
22057,0
22064,0
22071,0
22078,0
22085,0
22092,0
22099,0
22106,0
22113,0
22120,0
22127,0
22134,0
22141,0
22148,0
22155,0
22162,0
22169,0
22176,0
22183,0
22190,0
22197,0
22204,0
22211,0
22218,0
22225,0
22232,0
22239,0
22246,0
22253,0
22260,0
22267,0
22274,0
22281,0
22288,0
22295,0
22302,0
22309,0
22316,0
22323,0
22330,0
22337,0
22344,0
22351,0
22358,0
22365,0
22372,0
22379,0
22386,0
22393,0
22400,0
22407,0
22414,0
22421,0
22428,0
22435,0
22442,0
22449,0
22456,0
22463,0
22470,0
22477,0
22484,0
22491,0
22498,0
22505,0
22512,0
22519,0
22526,0
22533,0
22540,0
22547,0
22554,0
22561,0
22568,0
22575,0
22582,0
22589,0
22596,0
22603,0
22610,0
22617,0
22624,0
22631,0
22638,0
22645,0
22652,0
22659,0
22666,0
22673,0
22680,0
22687,0
22694,0
22701,0
22708,0
22715,0
22722,0
22729,0
22736,0
22743,0
22750,0
22757,0
22764,0
22771,0
22778,0
22785,0
22792,0
22799,0
22806,0
22813,0
22820,0
22827,0
22834,0
22841,0
22848,0
22855,0
22862,0
22869,0
22876,0
22883,0
22890,0
22897,0
22904,0
22911,0
22918,0
22925,0
22932,0
22939,0
22946,0
22953,0
22960,0
22967,0
22974,0
22981,0
22988,0
22995,0
23002,0
23009,0
23016,0
23023,0
23030,0
23037,0
23044,0
23051,0
23058,0
23065,0
23072,0
23079,0
23086,0
23093,0
23100,0
23107,0
23114,0
23121,0
23128,0
23135,0
23142,0
23149,0
23156,0
23163,0
23170,0
23177,0
23184,0
23191,0
23198,0
23205,0
23212,0
23219,0
23226,0
23233,0
23240,0
23247,0
23254,0
23261,0
23268,0
23275,0
23282,0
23289,0
23296,0
23303,0
23310,0
23317,0
23324,0
23331,0
23338,0
23345,0
23352,0
23359,0
23366,0
23373,0
23380,0
23387,0
23394,0
23401,0
23408,0
23415,0
23422,0
23429,0
23436,0
23443,0
23450,0
23457,0
23464,0
23471,0
23478,0
23485,0
23492,0
23499,0
23506,0
23513,0
23520,0
23527,0
23534,0
23541,0
23548,0
23555,0
23562,0
23569,0
23576,0
23583,0
23590,0
23597,0
23604,0
23611,0
23618,0
23625,0
23632,0
23639,0
23646,0
23653,0
23660,0
23667,0
23674,0
23681,0
23688,0
23695,0
23702,0
23709,0
23716,0
23723,0
23730,0
23737,0
23744,0
23751,0
23758,0
23765,0
23772,0
23779,0
23786,0
23793,0
23800,0
23807,0
23814,0
23821,0
23828,0
23835,0
23842,0
23849,0
23856,0
23863,0
23870,0
23877,0
23884,0
23891,0
23898,0
23905,0
23912,0
23919,0
23926,0
23933,0
23940,0
23947,0
23954,0
23961,0
23968,0
23975,0
23982,0
23989,0
23996,0
24003,0
24010,0
24017,0
24024,0
24031,0
24038,0
24045,0
24052,0
24059,0
24066,0
24073,0
24080,0
24087,0
24094,0
24101,0
24108,0
24115,0
24122,0
24129,0
24136,0
24143,0
24150,0
24157,0
24164,0
24171,0
24178,0
24185,0
24192,0
24199,0
24206,0
24213,0
24220,0
24227,0
24234,0
24241,0
24248,0
24255,0
24262,0
24269,0
24276,0
24283,0
24290,0
24297,0
24304,0
24311,0
24318,0
24325,0
24332,0
24339,0
24346,0
24353,0
24360,0
24367,0
24374,0
24381,0
24388,0
24395,0
24402,0
24409,0
24416,0
24423,0
24430,0
24437,0
24444,0
24451,0
24458,0
24465,0
24472,0
24479,0
24486,0
24493,0
24500,0
24507,0
24514,0
24521,0
24528,0
24535,0
24542,0
24549,0
24556,0
24563,0
24570,0
24577,0
24584,0
24591,0
24598,0
24605,0
24612,0
24619,0
24626,0
24633,0
24640,0
24647,0
24654,0
24661,0
24668,0
24675,0
24682,0
24689,0
24696,0
24703,0
24710,0
24717,0
24724,0
24731,0
24738,0
24745,0
24752,0
24759,0
24766,0
24773,0
24780,0
24787,0
24794,0
24801,0
24808,0
24815,0
24822,0
24829,0
24836,0
24843,0
24850,0
24857,0
24864,0
24871,0
24878,0
24885,0
24892,0
24899,0
24906,0
24913,0
24920,0
24927,0
24934,0
24941,0
24948,0
24955,0
24962,0
24969,0
24976,0
24983,0
24990,0
24997,0
25004,0
25011,0
25018,0
25025,0
25032,0
25039,0
25046,0
25053,0
25060,0
25067,0
25074,0
25081,0
25088,0
25095,0
25102,0
25109,0
25116,0
25123,0
25130,0
25137,0
25144,0
25151,0
25158,0
25165,0
25172,0
25179,0
25186,0
25193,0
25200,0
25207,0
25214,0
25221,0
25228,0
25235,0
25242,0
25249,0
25256,0
25263,0
25270,0
25277,0
25284,0
25291,0
25298,0
25305,0
25312,0
25319,0
25326,0
25333,0
25340,0
25347,0
25354,0
25361,0
25368,0
25375,0
25382,0
25389,0
25396,0
25403,0
25410,0
25417,0
25424,0
25431,0
25438,0
25445,0
25452,0
25459,0
25466,0
25473,0
25480,0
25487,0
25494,0
25501,0
25508,0
25515,0
25522,0
25529,0
25536,0
25543,0
25550,0
25557,0
25564,0
25571,0
25578,0
25585,0
25592,0
25599,0
25606,0
25613,0
25620,0
25627,0
25634,0
25641,0
25648,0
25655,0
25662,0
25669,0
25676,0
25683,0
25690,0
25697,0
25704,0
25711,0
25718,0
25725,0
25732,0
25739,0
25746,0
25753,0
25760,0
25767,0
25774,0
25781,0
25788,0
25795,0
25802,0
25809,0
25816,0
25823,0
25830,0
25837,0
25844,0
25851,0
25858,0
25865,0
25872,0
25879,0
25886,0
25893,0
25900,0
25907,0
25914,0
25921,0
25928,0
25935,0
25942,0
25949,0
25956,0
25963,0
25970,0
25977,0
25984,0
25991,0
25998,0
26005,0
26012,0
26019,0
26026,0
26033,0
26040,0
26047,0
26054,0
26061,0
26068,0
26075,0
26082,0
26089,0
26096,0
26103,0
26110,0
26117,0
26124,0
26131,0
26138,0
26145,0
26152,0
26159,0
26166,0
26173,0
26180,0
26187,0
26194,0
26201,0
26208,0
26215,0
26222,0
26229,0
26236,0
26243,0
26250,0
26257,0
26264,0
26271,0
26278,0
26285,0
26292,0
26299,0
26306,0
26313,0
26320,0
26327,0
26334,0
26341,0
26348,0
26355,0
26362,0
26369,0
26376,0
26383,0
26390,0
26397,0
26404,0
26411,0
26418,0
26425,0
26432,0
26439,0
26446,0
26453,0
26460,0
26467,0
26474,0
26481,0
26488,0
26495,0
26502,0
26509,0
26516,0
26523,0
26530,0
26537,0
26544,0
26551,0
26558,0
26565,0
26572,0
26579,0
26586,0
26593,0
26600,0
26607,0
26614,0
26621,0
26628,0
26635,0
26642,0
26649,0
26656,0
26663,0
26670,0
26677,0
26684,0
26691,0
26698,0
26705,0
26712,0
26719,0
26726,0
26733,0
26740,0
26747,0
26754,0
26761,0
26768,0
26775,0
26782,0
26789,0
26796,0
26803,0
26810,0
26817,0
26824,0
26831,0
26838,0
26845,0
26852,0
26859,0
26866,0
26873,0
26880,0
26887,0
26894,0
26901,0
26908,0
26915,0
26922,0
26929,0
26936,0
26943,0
26950,0
26957,0
26964,0
26971,0
26978,0
26985,0
26992,0
26999,0
27006,0
27013,0
27020,0
27027,0
27034,0
27041,0
27048,0
27055,0
27062,0
27069,0
27076,0
27083,0
27090,0
27097,0
27104,0
27111,0
27118,0
27125,0
27132,0
27139,0
27146,0
27153,0
27160,0
27167,0
27174,0
27181,0
27188,0
27195,0
27202,0
27209,0
27216,0
27223,0
27230,0
27237,0
27244,0
27251,0
27258,0
27265,0
27272,0
27279,0
27286,0
27293,0
27300,0
27307,0
27314,0
27321,0
27328,0
27335,0
27342,0
27349,0
27356,0
27363,0
27370,0
27377,0
27384,0
27391,0
27398,0
27405,0
27412,0
27419,0
27426,0
27433,0
27440,0
27447,0
27454,0
27461,0
27468,0
27475,0
27482,0
27489,0
27496,0
27503,0
27510,0
27517,0
27524,0
27531,0
27538,0
27545,0
27552,0
27559,0
27566,0
27573,0
27580,0
27587,0
27594,0
27601,0
27608,0
27615,0
27622,0
27629,0
27636,0
27643,0
27650,0
27657,0
27664,0
27671,0
27678,0
27685,0
27692,0
27699,0
27706,0
27713,0
27720,0
27727,0
27734,0
27741,0
27748,0
27755,0
27762,0
27769,0
27776,0
27783,0
27790,0
27797,0
27804,0
27811,0
27818,0
27825,0
27832,0
27839,0
27846,0
27853,0
27860,0
27867,0
27874,0
27881,0
27888,0
27895,0
27902,0
27909,0
27916,0
27923,0
27930,0
27937,0
27944,0
27951,0
27958,0
27965,0
27972,0
27979,0
27986,0
27993,0
28000,0
28007,0
28014,0
28021,0
28028,0
28035,0
28042,0
28049,0
28056,0
28063,0
28070,0
28077,0
28084,0
28091,0
28098,0
28105,0
28112,0
28119,0
28126,0
28133,0
28140,0
28147,0
28154,0
28161,0
28168,0
28175,0
28182,0
28189,0
28196,0
28203,0
28210,0
28217,0
28224,0
28231,0
28238,0
28245,0
28252,0
28259,0
28266,0
28273,0
28280,0
28287,0
28294,0
28301,0
28308,0
28315,0
28322,0
28329,0
28336,0
28343,0
28350,0
28357,0
28364,0
28371,0
28378,0
28385,0
28392,0
28399,0
28406,0
28413,0
28420,0
28427,0
28434,0
28441,0
28448,0
28455,0
28462,0
28469,0
28476,0
28483,0
28490,0
28497,0
28504,0
28511,0
28518,0
28525,0
28532,0
28539,0
28546,0
28553,0
28560,0
28567,0
28574,0
28581,0
28588,0
28595,0
28602,0
28609,0
28616,0
28623,0
28630,0
28637,0
28644,0
28651,0
28658,0
28665,0
28672,0
28679,0
28686,0
28693,0
28700,0
28707,0
28714,0
28721,0
28728,0
28735,0
28742,0
28749,0
28756,0
28763,0
28770,0
28777,0
28784,0
28791,0
28798,0
28805,0
28812,0
28819,0
28826,0
28833,0
28840,0
28847,0
28854,0
28861,0
28868,0
28875,0
28882,0
28889,0
28896,0
28903,0
28910,0
28917,0
28924,0
28931,0
28938,0
28945,0
28952,0
28959,0
28966,0
28973,0
28980,0
28987,0
28994,0
29001,0
29008,0
29015,0
29022,0
29029,0
29036,0
29043,0
29050,0
29057,0
29064,0
29071,0
29078,0
29085,0
29092,0
29099,0
29106,0
29113,0
29120,0
29127,0
29134,0
29141,0
29148,0
29155,0
29162,0
29169,0
29176,0
29183,0
29190,0
29197,0
29204,0
29211,0
29218,0
29225,0
29232,0
29239,0
29246,0
29253,0
29260,0
29267,0
29274,0
29281,0
29288,0
29295,0
29302,0
29309,0
29316,0
29323,0
29330,0
29337,0
29344,0
29351,0
29358,0
29365,0
29372,0
29379,0
29386,0
29393,0
29400,0
29407,0
29414,0
29421,0
29428,0
29435,0
29442,0
29449,0
29456,0
29463,0
29470,0
29477,0
29484,0
29491,0
29498,0
29505,0
29512,0
29519,0
29526,0
29533,0
29540,0
29547,0
29554,0
29561,0
29568,0
29575,0
29582,0
29589,0
29596,0
29603,0
29610,0
29617,0
29624,0
29631,0
29638,0
29645,0
29652,0
29659,0
29666,0
29673,0
29680,0
29687,0
29694,0
29701,0
29708,0
29715,0
29722,0
29729,0
29736,0
29743,0
29750,0
29757,0
29764,0
29771,0
29778,0
29785,0
29792,0
29799,0
29806,0
29813,0
29820,0
29827,0
29834,0
29841,0
29848,0
29855,0
29862,0
29869,0
29876,0
29883,0
29890,0
29897,0
29904,0
29911,0
29918,0
29925,0
29932,0
29939,0
29946,0
29953,0
29960,0
29967,0
29974,0
29981,0
29988,0
29995,0
30002,0
30009,0
30016,0
30023,0
30030,0
30037,0
30044,0
30051,0
30058,0
30065,0
30072,0
30079,0
30086,0
30093,0
30100,0
30107,0
30114,0
30121,0
30128,0
30135,0
30142,0
30149,0
30156,0
30163,0
30170,0
30177,0
30184,0
30191,0
30198,0
30205,0
30212,0
30219,0
30226,0
30233,0
30240,0
30247,0
30254,0
30261,0
30268,0
30275,0
30282,0
30289,0
30296,0
30303,0
30310,0
30317,0
30324,0
30331,0
30338,0
30345,0
30352,0
30359,0
30366,0
30373,0
30380,0
30387,0
30394,0
30401,0
30408,0
30415,0
30422,0
30429,0
30436,0
30443,0
30450,0
30457,0
30464,0
30471,0
30478,0
30485,0
30492,0
30499,0
30506,0
30513,0
30520,0
30527,0
30534,0
30541,0
30548,0
30555,0
30562,0
30569,0
30576,0
30583,0
30590,0
30597,0
30604,0
30611,0
30618,0
30625,0
30632,0
30639,0
30646,0
30653,0
30660,0
30667,0
30674,0
30681,0
30688,0
30695,0
30702,0
30709,0
30716,0
30723,0
30730,0
30737,0
30744,0
30751,0
30758,0
30765,0
30772,0
30779,0
30786,0
30793,0
30800,0
30807,0
30814,0
30821,0
30828,0
30835,0
30842,0
30849,0
30856,0
30863,0
30870,0
30877,0
30884,0
30891,0
30898,0
30905,0
30912,0
30919,0
30926,0
30933,0
30940,0
30947,0
30954,0
30961,0
30968,0
30975,0
30982,0
30989,0
30996,0
31003,0
31010,0
31017,0
31024,0
31031,0
31038,0
31045,0
31052,0
31059,0
31066,0
31073,0
31080,0
31087,0
31094,0
31101,0
31108,0
31115,0
31122,0
31129,0
31136,0
31143,0
31150,0
31157,0
31164,0
31171,0
31178,0
31185,0
31192,0
31199,0
31206,0
31213,0
31220,0
31227,0
31234,0
31241,0
31248,0
31255,0
31262,0
31269,0
31276,0
31283,0
31290,0
31297,0
31304,0
31311,0
31318,0
31325,0
31332,0
31339,0
31346,0
31353,0
31360,0
31367,0
31374,0
31381,0
31388,0
31395,0
31402,0
31409,0
31416,0
31423,0
31430,0
31437,0
31444,0
31451,0
31458,0
31465,0
31472,0
31479,0
31486,0
31493,0
31500,0
31507,0
31514,0
31521,0
31528,0
31535,0
31542,0
31549,0
31556,0
31563,0
31570,0
31577,0
31584,0
31591,0
31598,0
31605,0
31612,0
31619,0
31626,0
31633,0
31640,0
31647,0
31654,0
31661,0
31668,0
31675,0
31682,0
31689,0
31696,0
31703,0
31710,0
31717,0
31724,0
31731,0
31738,0
31745,0
31752,0
31759,0
31766,0
31773,0
31780,0
31787,0
31794,0
31801,0
31808,0
31815,0
31822,0
31829,0
31836,0
31843,0
31850,0
31857,0
31864,0
31871,0
31878,0
31885,0
31892,0
31899,0
31906,0
31913,0
31920,0
31927,0
31934,0
31941,0
31948,0
31955,0
31962,0
31969,0
31976,0
31983,0
31990,0
31997,0
32004,0
32011,0
32018,0
32025,0
32032,0
32039,0
32046,0
32053,0
32060,0
32067,0
32074,0
32081,0
32088,0
32095,0
32102,0
32109,0
32116,0
32123,0
32130,0
32137,0
32144,0
32151,0
32158,0
32165,0
32172,0
32179,0
32186,0
32193,0
32200,0
32207,0
32214,0
32221,0
32228,0
32235,0
32242,0
32249,0
32256,0
32263,0
32270,0
32277,0
32284,0
32291,0
32298,0
32305,0
32312,0
32319,0
32326,0
32333,0
32340,0
32347,0
32354,0
32361,0
32368,0
32375,0
32382,0
32389,0
32396,0
32403,0
32410,0
32417,0
32424,0
32431,0
32438,0
32445,0
32452,0
32459,0
32466,0
32473,0
32480,0
32487,0
32494,0
32501,0
32508,0
32515,0
32522,0
32529,0
32536,0
32543,0
32550,0
32557,0
32564,0
32571,0
32578,0
32585,0
32592,0
32599,0
32606,0
32613,0
32620,0
32627,0
32634,0
32641,0
32648,0
32655,0
32662,0
32669,0
32676,0
32683,0
32690,0
32697,0
32704,0
32711,0
32718,0
32725,0
32732,0
32739,0
32746,0
32753,0
32760,0
32767,0
32774,0
32781,0
32788,0
32795,0
32802,0
32809,0
32816,0
32823,0
32830,0
32837,0
32844,0
32851,0
32858,0
32865,0
32872,0
32879,0
32886,0
32893,0
32900,0
32907,0
32914,0
32921,0
32928,0
32935,0
32942,0
32949,0
32956,0
32963,0
32970,0
32977,0
32984,0
32991,0
32998,0
33005,0
33012,0
33019,0
33026,0
33033,0
33040,0
33047,0
33054,0
33061,0
33068,0
33075,0
33082,0
33089,0
33096,0
33103,0
33110,0
33117,0
33124,0
33131,0
33138,0
33145,1
33152,1
33159,1
33166,1
33173,1
33180,1
33187,1
33194,1
33201,1
33208,1
33215,1
33222,1
33229,1
33236,1
33243,1
33250,1
33257,1
33264,0
33271,0
33278,0
33285,0
33292,0
33299,0
33306,0
33313,0
33320,0
33327,0
33334,0
33341,0
33348,0
33355,0
33362,0
33369,0
33376,0
33383,0
33390,0
33397,0
33404,0
33411,0
33418,0
33425,0
33432,0
33439,0
33446,0
33453,0
33460,0
33467,0
33474,0
33481,0
33488,0
33495,0
33502,0
33509,0
33516,0
33523,0
33530,0
33537,0
33544,0
33551,0
33558,0
33565,0
33572,0
33579,0
33586,0
33593,0
33600,0
33607,0
33614,0
33621,0
33628,0
33635,0
33642,0
33649,0
33656,0
33663,0
33670,0
33677,0
33684,0
33691,0
33698,0
33705,0
33712,0
33719,0
33726,0
33733,0
33740,0
33747,0
33754,0
33761,0
33768,0
33775,0
33782,0
33789,0
33796,0
33803,0
33810,0
33817,0
33824,0
33831,0
33838,0
33845,0
33852,0
33859,0
33866,0
33873,0
33880,0
33887,0
33894,0
33901,0
33908,0
33915,0
33922,0
33929,0
33936,0
33943,0
33950,0
33957,0
33964,0
33971,0
33978,0
33985,0
33992,0
33999,0
34006,0
34013,0
34020,0
34027,0
34034,0
34041,0
34048,0
34055,0
34062,0
34069,0
34076,0
34083,0
34090,0
34097,0
34104,0
34111,0
34118,0
34125,0
34132,0
34139,0
34146,0
34153,0
34160,0
34167,0
34174,0
34181,0
34188,0
34195,0
34202,0
34209,0
34216,0
34223,0
34230,0
34237,0
34244,0
34251,0
34258,0
34265,0
34272,0
34279,0
34286,0
34293,0
34300,0
34307,0
34314,0
34321,0
34328,0
34335,0
34342,0
34349,0
34356,0
34363,0
34370,0
34377,0
34384,0
34391,0
34398,0
34405,0
34412,0
34419,0
34426,0
34433,0
34440,0
34447,0
34454,0
34461,0
34468,0
34475,0
34482,0
34489,0
34496,0
34503,0
34510,0
34517,0
34524,0
34531,0
34538,0
34545,0
34552,0
34559,0
34566,0
34573,0
34580,0
34587,0
34594,0
34601,0
34608,0
34615,0
34622,0
34629,0
34636,0
34643,0
34650,0
34657,0
34664,0
34671,0
34678,0
34685,0
34692,0
34699,0
34706,0
34713,0
34720,0
34727,0
34734,0
34741,0
34748,0
34755,0
34762,0
34769,0
34776,0
34783,0
34790,0
34797,0
34804,0
34811,0
34818,0
34825,0
34832,0
34839,0
34846,0
34853,0
34860,0
34867,0
34874,0
34881,0
34888,0
34895,0
34902,0
34909,0
34916,0
34923,0
34930,0
34937,0
34944,0
34951,0
34958,0
34965,0
34972,0
34979,0
34986,0
34993,0
35000,0
35007,0
35014,0
35021,0
35028,0
35035,0
35042,0
35049,0
35056,0
35063,0
35070,0
35077,0
35084,0
35091,0
35098,0
35105,0
35112,0
35119,0
35126,0
35133,0
35140,0
35147,0
35154,0
35161,0
35168,0
35175,0
35182,0
35189,0
35196,0
35203,0
35210,0
35217,0
35224,0
35231,0
35238,0
35245,0
35252,0
35259,0
35266,0
35273,0
35280,0
35287,0
35294,0
35301,0
35308,0
35315,0
35322,0
35329,0
35336,0
35343,0
35350,0
35357,0
35364,0
35371,0
35378,0
35385,0
35392,0
35399,0
35406,0
35413,0
35420,0
35427,0
35434,0
35441,0
35448,0
35455,0
35462,0
35469,0
35476,0
35483,0
35490,0
35497,0
35504,0
35511,0
35518,0
35525,0
35532,0
35539,0
35546,0
35553,0
35560,0
35567,0
35574,0
35581,0
35588,0
35595,0
35602,0
35609,0
35616,0
35623,0
35630,0
35637,0
35644,0
35651,0
35658,0
35665,0
35672,0
35679,0
35686,0
35693,0
35700,0
35707,0
35714,0
35721,0
35728,0
35735,0
35742,0
35749,0
35756,0
35763,0
35770,0
35777,0
35784,0
35791,0
35798,0
35805,0
35812,0
35819,0
35826,0
35833,0
35840,0
35847,0
35854,0
35861,0
35868,0
35875,0
35882,0
35889,0
35896,0
35903,0
35910,0
35917,0
35924,0
35931,0
35938,0
35945,0
35952,0
35959,0
35966,0
35973,0
35980,0
35987,0
35994,0
36001,0
36008,0
36015,0
36022,0
36029,0
36036,0
36043,0
36050,0
36057,0
36064,0
36071,0
36078,0
36085,0
36092,0
36099,0
36106,0
36113,0
36120,0
36127,0
36134,0
36141,0
36148,0
36155,0
36162,0
36169,0
36176,0
36183,0
36190,0
36197,0
36204,0
36211,0
36218,0
36225,0
36232,0
36239,0
36246,0
36253,0
36260,0
36267,0
36274,0
36281,0
36288,0
36295,0
36302,0
36309,0
36316,0
36323,0
36330,0
36337,0
36344,0
36351,0
36358,0
36365,0
36372,0
36379,0
36386,0
36393,0
36400,0
36407,0
36414,0
36421,0
36428,0
36435,0
36442,0
36449,0
36456,0
36463,0
36470,0
36477,0
36484,0
36491,0
36498,0
36505,0
36512,0
36519,0
36526,0
36533,0
36540,0
36547,0
36554,0
36561,0
36568,0
36575,0
36582,0
36589,0
36596,0
36603,0
36610,0
36617,0
36624,0
36631,0
36638,0
36645,0
36652,0
36659,0
36666,0
36673,0
36680,0
36687,0
36694,0
36701,0
36708,0
36715,0
36722,0
36729,0
36736,0
36743,0
36750,0
36757,0
36764,0
36771,0
36778,0
36785,0
36792,0
36799,0
36806,0
36813,0
36820,0
36827,0
36834,0
36841,0
36848,0
36855,0
36862,0
36869,0
36876,0
36883,0
36890,0
36897,0
36904,0
36911,0
36918,0
36925,0
36932,0
36939,0
36946,0
36953,0
36960,0
36967,0
36974,0
36981,0
36988,0
36995,0
37002,0
37009,0
37016,0
37023,0
37030,0
37037,0
37044,0
37051,0
37058,0
37065,0
37072,0
37079,0
37086,0
37093,0
37100,0
37107,0
37114,0
37121,0
37128,0
37135,0
37142,0
37149,0
37156,0
37163,0
37170,0
37177,0
37184,0
37191,0
37198,0
37205,0
37212,0
37219,0
37226,0
37233,0
37240,0
37247,0
37254,0
37261,0
37268,0
37275,0
37282,0
37289,0
37296,0
37303,0
37310,0
37317,0
37324,0
37331,0
37338,0
37345,0
37352,0
37359,0
37366,0
37373,0
37380,0
37387,0
37394,0
37401,0
37408,0
37415,0
37422,0
37429,0
37436,0
37443,0
37450,0
37457,0
37464,0
37471,0
37478,0
37485,0
37492,0
37499,0
37506,0
37513,0
37520,0
37527,0
37534,0
37541,0
37548,0
37555,0
37562,0
37569,0
37576,0
37583,0
37590,0
37597,0
37604,0
37611,0
37618,0
37625,0
37632,0
37639,0
37646,0
37653,0
37660,0
37667,0
37674,0
37681,0
37688,0
37695,0
37702,0
37709,0
37716,0
37723,0
37730,0
37737,0
37744,0
37751,0
37758,0
37765,0
37772,0
37779,0
37786,0
37793,0
37800,0
37807,0
37814,0
37821,0
37828,0
37835,0
37842,0
37849,0
37856,0
37863,0
37870,0
37877,0
37884,0
37891,0
37898,0
37905,0
37912,0
37919,0
37926,0
37933,0
37940,0
37947,0
37954,0
37961,0
37968,0
37975,0
37982,0
37989,0
37996,0
38003,0
38010,0
38017,0
38024,0
38031,0
38038,0
38045,0
38052,0
38059,0
38066,0
38073,0
38080,0
38087,0
38094,0
38101,0
38108,0
38115,0
38122,0
38129,0
38136,0
38143,0
38150,0
38157,0
38164,0
38171,0
38178,0
38185,0
38192,0
38199,0
38206,0
38213,0
38220,0
38227,0
38234,0
38241,0
38248,0
38255,0
38262,0
38269,0
38276,0
38283,0
38290,0
38297,0
38304,0
38311,0
38318,0
38325,0
38332,0
38339,0
38346,0
38353,0
38360,0
38367,0
38374,0
38381,0
38388,0
38395,0
38402,0
38409,0
38416,0
38423,0
38430,0
38437,0
38444,0
38451,0
38458,0
38465,0
38472,0
38479,0
38486,0
38493,0
38500,0
38507,0
38514,0
38521,0
38528,0
38535,0
38542,0
38549,0
38556,0
38563,0
38570,0
38577,0
38584,0
38591,0
38598,0
38605,0
38612,0
38619,0
38626,0
38633,0
38640,0
38647,0
38654,0
38661,0
38668,0
38675,0
38682,0
38689,0
38696,0
38703,0
38710,0
38717,0
38724,0
38731,0
38738,0
38745,0
38752,0
38759,0
38766,0
38773,0
38780,0
38787,0
38794,0
38801,0
38808,0
38815,0
38822,0
38829,0
38836,0
38843,0
38850,0
38857,0
38864,0
38871,0
38878,0
38885,0
38892,0
38899,0
38906,0
38913,0
38920,0
38927,0
38934,0
38941,0
38948,0
38955,0
38962,0
38969,0
38976,0
38983,0
38990,0
38997,0
39004,0
39011,0
39018,0
39025,0
39032,0
39039,0
39046,0
39053,0
39060,0
39067,0
39074,0
39081,0
39088,0
39095,0
39102,0
39109,0
39116,0
39123,0
39130,0
39137,0
39144,0
39151,0
39158,0
39165,0
39172,0
39179,0
39186,0
39193,0
39200,0
39207,0
39214,0
39221,0
39228,0
39235,0
39242,0
39249,0
39256,0
39263,0
39270,0
39277,0
39284,0
39291,0
39298,0
39305,0
39312,0
39319,0
39326,0
39333,0
39340,0
39347,0
39354,0
39361,0
39368,0
39375,0
39382,0
39389,0
39396,0
39403,0
39410,0
39417,0
39424,0
39431,0
39438,0
39445,0
39452,0
39459,0
39466,0
39473,0
39480,0
39487,0
39494,0
39501,0
39508,0
39515,0
39522,0
39529,0
39536,0
39543,0
39550,0
39557,0
39564,0
39571,0
39578,0
39585,0
39592,0
39599,0
39606,0
39613,0
39620,0
39627,0
39634,0
39641,0
39648,0
39655,0
39662,0
39669,0
39676,0
39683,0
39690,0
39697,0
39704,0
39711,0
39718,0
39725,0
39732,0
39739,0
39746,0
39753,0
39760,0
39767,0
39774,0
39781,0
39788,0
39795,0
39802,0
39809,0
39816,0
39823,0
39830,0
39837,0
39844,0
39851,0
39858,0
39865,0
39872,0
39879,0
39886,0
39893,0
39900,0
39907,0
39914,0
39921,0
39928,0
39935,0
39942,0
39949,0
39956,0
39963,0
39970,0
39977,0
39984,0
39991,0
39998,0
40005,0
40012,0
40019,0
40026,0
40033,0
40040,0
40047,0
40054,0
40061,0
40068,0
40075,0
40082,0
40089,0
40096,0
40103,0
40110,0
40117,0
40124,0
40131,0
40138,0
40145,0
40152,0
40159,0
40166,0
40173,0
40180,0
40187,0
40194,0
40201,0
40208,0
40215,0
40222,0
40229,0
40236,0
40243,0
40250,0
40257,0
40264,0
40271,0
40278,0
40285,0
40292,0
40299,0
40306,0
40313,0
40320,0
40327,0
40334,0
40341,0
40348,0
40355,0
40362,0
40369,0
40376,0
40383,0
40390,0
40397,0
40404,0
40411,0
40418,0
40425,0
40432,0
40439,0
40446,0
40453,0
40460,0
40467,0
40474,0
40481,0
40488,0
40495,0
40502,0
40509,0
40516,0
40523,0
40530,0
40537,0
40544,0
40551,0
40558,0
40565,0
40572,0
40579,0
40586,0
40593,0
40600,0
40607,0
40614,0
40621,0
40628,0
40635,0
40642,0
40649,0
40656,0
40663,0
40670,0
40677,0
40684,0
40691,0
40698,0
40705,0
40712,0
40719,0
40726,0
40733,0
40740,0
40747,0
40754,0
40761,0
40768,0
40775,0
40782,0
40789,0
40796,0
40803,0
40810,0
40817,0
40824,0
40831,0
40838,0
40845,0
40852,0
40859,0
40866,0
40873,0
40880,0
40887,0
40894,0
40901,0
40908,0
40915,0
40922,0
40929,0
40936,0
40943,0
40950,0
40957,0
40964,0
40971,0
40978,0
40985,0
40992,0
40999,0
41006,0
41013,0
41020,0
41027,0
41034,0
41041,0
41048,0
41055,0
41062,0
41069,0
41076,0
41083,0
41090,0
41097,0
41104,0
41111,0
41118,0
41125,0
41132,0
41139,0
41146,0
41153,0
41160,0
41167,0
41174,0
41181,0
41188,0
41195,0
41202,0
41209,0
41216,0
41223,0
41230,0
41237,0
41244,0
41251,0
41258,0
41265,0
41272,0
41279,0
41286,0
41293,0
41300,0
41307,0
41314,0
41321,0
41328,0
41335,0
41342,0
41349,0
41356,0
41363,0
41370,0
41377,0
41384,0
41391,0
41398,0
41405,0
41412,0
41419,0
41426,0
41433,0
41440,0
41447,0
41454,0
41461,0
41468,0
41475,0
41482,0
41489,0
41496,0
41503,0
41510,0
41517,0
41524,0
41531,0
41538,0
41545,0
41552,0
41559,0
41566,0
41573,0
41580,0
41587,0
41594,0
41601,0
41608,0
41615,0
41622,0
41629,0
41636,0
41643,0
41650,0
41657,0
41664,0
41671,0
41678,0
41685,0
41692,0
41699,0
41706,0
41713,0
41720,0
41727,0
41734,0
41741,0
41748,0
41755,0
41762,0
41769,0
41776,0
41783,0
41790,0
41797,0
41804,0
41811,0
41818,0
41825,0
41832,0
41839,0
41846,0
41853,0
41860,0
41867,0
41874,0
41881,0
41888,0
41895,0
41902,0
41909,0
41916,0
41923,0
41930,0
41937,0
41944,0
41951,0
41958,0
41965,0
41972,0
41979,0
41986,0
41993,0
42000,0
42007,0
42014,0
42021,0
42028,0
42035,0
42042,0
42049,0
42056,0
42063,0
42070,0
42077,0
42084,0
42091,0
42098,0
42105,0
42112,0
42119,0
42126,0
42133,0
42140,0
42147,0
42154,0
42161,0
42168,0
42175,0
42182,0
42189,0
42196,0
42203,0
42210,0
42217,0
42224,0
42231,0
42238,0
42245,0
42252,0
42259,0
42266,0
42273,0
42280,0
42287,0
42294,0
42301,0
42308,0
42315,0
42322,0
42329,0
42336,0
42343,0
42350,0
42357,0
42364,0
42371,0
42378,0
42385,0
42392,0
42399,0
42406,0
42413,0
42420,0
42427,0
42434,0
42441,0
42448,0
42455,0
42462,0
42469,0
42476,0
42483,0
42490,0
42497,0
42504,0
42511,0
42518,0
42525,0
42532,0
42539,0
42546,0
42553,0
42560,0
42567,0
42574,0
42581,0
42588,0
42595,0
42602,0
42609,0
42616,0
42623,0
42630,0
42637,0
42644,0
42651,0
42658,0
42665,0
42672,0
42679,0
42686,0
42693,0
42700,0
42707,0
42714,0
42721,0
42728,0
42735,0
42742,0
42749,0
42756,0
42763,0
42770,0
42777,0
42784,0
42791,0
42798,0
42805,0
42812,0
42819,0
42826,0
42833,0
42840,0
42847,0
42854,0
42861,0
42868,0
42875,0
42882,0
42889,0
42896,0
42903,0
42910,0
42917,0
42924,0
42931,0
42938,0
42945,0
42952,0
42959,0
42966,0
42973,0
42980,0
42987,0
42994,0
43001,0
43008,0
43015,0
43022,0
43029,0
43036,0
43043,0
43050,0
43057,0
43064,0
43071,0
43078,0
43085,0
43092,0
43099,0
43106,0
43113,0
43120,0
43127,0
43134,0
43141,0
43148,0
43155,0
43162,0
43169,0
43176,0
43183,0
43190,0
43197,0
43204,0
43211,0
43218,0
43225,0
43232,0
43239,0
43246,0
43253,0
43260,0
43267,0
43274,0
43281,0
43288,0
43295,0
43302,0
43309,0
43316,0
43323,0
43330,0
43337,0
43344,0
43351,0
43358,0
43365,0
43372,0
43379,0
43386,0
43393,0
43400,0
43407,0
43414,0
43421,0
43428,0
43435,0
43442,0
43449,0
43456,0
43463,0
43470,0
43477,0
43484,0
43491,0
43498,0
43505,0
43512,0
43519,0
43526,0
43533,0
43540,0
43547,0
43554,0
43561,0
43568,0
43575,0
43582,0
43589,0
43596,0
43603,0
43610,0
43617,0
43624,0
43631,0
43638,0
43645,0
43652,0
43659,0
43666,0
43673,0
43680,0
43687,0
43694,0
43701,0
43708,0
43715,0
43722,0
43729,0
43736,0
43743,0
43750,0
43757,0
43764,0
43771,0
43778,0
43785,0
43792,0
43799,0
43806,0
43813,0
43820,0
43827,0
43834,0
43841,0
43848,0
43855,0
43862,0
43869,0
43876,0
43883,0
43890,0
43897,0
43904,0
43911,0
43918,0
43925,0
43932,0
43939,0
43946,0
43953,0
43960,0
43967,0
43974,0
43981,0
43988,0
43995,0
44002,0
44009,0
44016,0
44023,0
44030,0
44037,0
44044,0
44051,0
44058,0
44065,0
44072,0
44079,0
44086,0
44093,0
44100,0
44107,0
44114,0
44121,0
44128,0
44135,0
44142,0
44149,0
44156,0
44163,0
44170,0
44177,0
44184,0
44191,0
44198,0
44205,0
44212,0
44219,0
44226,0
44233,0
44240,0
44247,0
44254,0
44261,0
44268,0
44275,0
44282,0
44289,0
44296,0
44303,0
44310,0
44317,0
44324,0
44331,0
44338,0
44345,0
44352,0
44359,0
44366,0
44373,0
44380,0
44387,0
44394,0
44401,0
44408,0
44415,0
44422,0
44429,0
44436,0
44443,0
44450,0
44457,0
44464,0
44471,0
44478,0
44485,0
44492,0
44499,0
44506,0
44513,0
44520,0
44527,0
44534,0
44541,0
44548,0
44555,0
44562,0
44569,0
44576,0
44583,0
44590,0
44597,0
44604,0
44611,0
44618,0
44625,0
44632,0
44639,0
44646,0
44653,0
44660,0
44667,0
44674,0
44681,0
44688,0
44695,0
44702,0
44709,0
44716,0
44723,0
44730,0
44737,0
44744,0
44751,0
44758,0
44765,0
44772,0
44779,0
44786,0
44793,0
44800,0
44807,0
44814,0
44821,0
44828,0
44835,0
44842,0
44849,0
44856,0
44863,0
44870,0
44877,0
44884,0
44891,0
44898,0
44905,0
44912,0
44919,0
44926,0
44933,0
44940,0
44947,0
44954,0
44961,0
44968,0
44975,0
44982,0
44989,0
44996,0
45003,0
45010,0
45017,0
45024,0
45031,0
45038,0
45045,0
45052,0
45059,0
45066,0
45073,0
45080,0
45087,0
45094,0
45101,0
45108,0
45115,0
45122,0
45129,0
45136,0
45143,0
45150,0
45157,0
45164,0
45171,0
45178,0
45185,0
45192,0
45199,0
45206,0
45213,0
45220,0
45227,0
45234,0
45241,0
45248,0
45255,0
45262,0
45269,0
45276,0
45283,0
45290,0
45297,0
45304,0
45311,0
45318,0
45325,0
45332,0
45339,0
45346,0
45353,0
45360,0
45367,0
45374,0
45381,0
45388,0
45395,0
45402,0
45409,0
45416,0
45423,0
45430,0
45437,0
45444,0
45451,0
45458,0
45465,0
45472,0
45479,0
45486,0
45493,0
45500,0
45507,0
45514,0
45521,0
45528,0
45535,0
45542,0
45549,0
45556,0
45563,0
45570,0
45577,0
45584,0
45591,0
45598,0
45605,0
45612,0
45619,0
45626,0
45633,0
45640,0
45647,0
45654,0
45661,0
45668,0
45675,0
45682,0
45689,0
45696,0
45703,0
45710,0
45717,0
45724,0
45731,0
45738,0
45745,0
45752,0
45759,0
45766,0
45773,0
45780,0
45787,0
45794,0
45801,0
45808,0
45815,0
45822,0
45829,0
45836,0
45843,0
45850,0
45857,0
45864,0
45871,0
45878,0
45885,0
45892,0
45899,0
45906,0
45913,0
45920,0
45927,0
45934,0
45941,0
45948,0
45955,0
45962,0
45969,0
45976,0
45983,0
45990,0
45997,0
46004,0
46011,0
46018,0
46025,0
46032,0
46039,0
46046,0
46053,0
46060,0
46067,0
46074,0
46081,0
46088,0
46095,0
46102,0
46109,0
46116,0
46123,0
46130,0
46137,0
46144,0
46151,0
46158,0
46165,0
46172,0
46179,0
46186,0
46193,0
46200,0
46207,0
46214,0
46221,0
46228,0
46235,0
46242,0
46249,0
46256,0
46263,0
46270,0
46277,0
46284,0
46291,0
46298,0
46305,0
46312,0
46319,0
46326,0
46333,0
46340,0
46347,0
46354,0
46361,0
46368,0
46375,0
46382,0
46389,0
46396,0
46403,0
46410,0
46417,0
46424,0
46431,0
46438,0
46445,0
46452,0
46459,0
46466,0
46473,0
46480,0
46487,0
46494,0
46501,0
46508,0
46515,0
46522,0
46529,0
46536,0
46543,0
46550,0
46557,0
46564,0
46571,0
46578,0
46585,0
46592,0
46599,0
46606,0
46613,0
46620,0
46627,0
46634,0
46641,0
46648,0
46655,0
46662,0
46669,0
46676,0
46683,0
46690,0
46697,0
46704,0
46711,0
46718,0
46725,0
46732,0
46739,0
46746,0
46753,0
46760,0
46767,0
46774,0
46781,0
46788,0
46795,0
46802,0
46809,0
46816,0
46823,0
46830,0
46837,0
46844,0
46851,0
46858,0
46865,0
46872,0
46879,0
46886,0
46893,0
46900,0
46907,0
46914,0
46921,0
46928,0
46935,0
46942,0
46949,0
46956,0
46963,0
46970,0
46977,0
46984,0
46991,0
46998,0
47005,0
47012,0
47019,0
47026,0
47033,0
47040,0
47047,0
47054,0
47061,0
47068,0
47075,0
47082,0
47089,0
47096,0
47103,0
47110,0
47117,0
47124,0
47131,1
47138,1
47145,1
47152,1
47159,1
47166,1
47173,1
47180,1
47187,1
47194,1
47201,1
47208,1
47215,1
47222,1
47229,1
47236,1
47243,1
47250,1
47257,1
47264,1
47271,2
47278,2
47285,2
47292,2
47299,2
47306,2
47313,2
47320,2
47327,2
47334,2
47341,2
47348,2
47355,2
47362,2
47369,2
47376,2
47383,2
47390,2
47397,2
47404,2
47411,2
47418,2
47425,2
47432,2
47439,2
47446,2
47453,2
47460,2
47467,2
47474,2
47481,2
47488,2
47495,2
47502,2
47509,2
47516,2
47523,2
47530,2
47537,2
47544,2
47551,2
47558,2
47565,2
47572,2
47579,2
47586,2
47593,2
47600,2
47607,2
47614,2
47621,2
47628,2
47635,2
47642,2
47649,2
47656,2
47663,2
47670,2
47677,2
47684,2
47691,2
47698,2
47705,2
47712,2
47719,2
47726,2
47733,2
47740,2
47747,2
47754,2
47761,2
47768,2
47775,2
47782,2
47789,2
47796,2
47803,2
47810,2
47817,2
47824,0
47831,0
47838,0
47845,0
47852,0
47859,0
47866,0
47873,0
47880,0
47887,0
47894,0
47901,0
47908,0
47915,0
47922,0
47929,0
47936,0
47943,0
47950,0
47957,0
47964,0
47971,0
47978,0
47985,0
47992,0
47999,0
48006,0
48013,0
48020,0
48027,0
48034,0
48041,0
48048,0
48055,0
48062,0
48069,0
48076,0
48083,0
48090,0
48097,0
48104,0
48111,0
48118,0
48125,0
48132,0
48139,0
48146,0
48153,0
48160,0
48167,0
48174,0
48181,0
48188,0
48195,0
48202,0
48209,0
48216,0
48223,0
48230,0
48237,0
48244,0
48251,0
48258,0
48265,0
48272,0
48279,0
48286,0
48293,0
48300,0
48307,0
48314,0
48321,0
48328,0
48335,0
48342,0
48349,0
48356,0
48363,0
48370,0
48377,0
48384,0
48391,0
48398,0
48405,0
48412,0
48419,0
48426,0
48433,0
48440,0
48447,0
48454,0
48461,0
48468,0
48475,0
48482,0
48489,0
48496,0
48503,0
48510,0
48517,0
48524,0
48531,0
48538,0
48545,0
48552,0
48559,0
48566,0
48573,0
48580,0
48587,0
48594,0
48601,0
48608,0
48615,0
48622,0
48629,0
48636,0
48643,0
48650,0
48657,0
48664,0
48671,0
48678,0
48685,0
48692,0
48699,0
48706,0
48713,0
48720,0
48727,0
48734,0
48741,0
48748,0
48755,0
48762,0
48769,0
48776,0
48783,0
48790,0
48797,0
48804,0
48811,0
48818,0
48825,0
48832,0
48839,0
48846,0
48853,0
48860,0
48867,0
48874,0
48881,0
48888,0
48895,0
48902,0
48909,0
48916,0
48923,0
48930,0
48937,0
48944,0
48951,0
48958,0
48965,0
48972,0
48979,0
48986,0
48993,0
49000,0
49007,0
49014,0
49021,0
49028,0
49035,0
49042,0
49049,0
49056,0
49063,0
49070,0
49077,0
49084,0
49091,0
49098,0
49105,0
49112,0
49119,0
49126,0
49133,0
49140,0
49147,0
49154,0
49161,0
49168,0
49175,0
49182,0
49189,0
49196,0
49203,0
49210,0
49217,0
49224,0
49231,0
49238,0
49245,0
49252,0
49259,0
49266,0
49273,0
49280,0
49287,0
49294,0
49301,0
49308,0
49315,0
49322,0
49329,0
49336,0
49343,0
49350,0
49357,0
49364,0
49371,0
49378,0
49385,0
49392,0
49399,0
49406,0
49413,0
49420,0
49427,0
49434,0
49441,0
49448,0
49455,0
49462,0
49469,0
49476,0
49483,0
49490,0
49497,0
49504,0
49511,0
49518,0
49525,0
49532,0
49539,0
49546,0
49553,0
49560,0
49567,0
49574,0
49581,0
49588,0
49595,0
49602,0
49609,0
49616,0
49623,0
49630,0
49637,0
49644,0
49651,0
49658,0
49665,0
49672,0
49679,0
49686,0
49693,0
49700,0
49707,0
49714,0
49721,0
49728,0
49735,0
49742,0
49749,0
49756,0
49763,0
49770,0
49777,0
49784,0
49791,0
49798,0
49805,0
49812,0
49819,0
49826,0
49833,0
49840,0
49847,0
49854,0
49861,0
49868,0
49875,0
49882,0
49889,0
49896,0
49903,0
49910,0
49917,0
49924,0
49931,0
49938,0
49945,0
49952,0
49959,0
49966,0
49973,0
49980,0
49987,0
49994,0
50001,0
50008,0
50015,0
50022,0
50029,0
50036,0
50043,0
50050,0
50057,0
50064,0
50071,0
50078,0
50085,0
50092,0
50099,0
50106,0
50113,0
50120,0
50127,0
50134,0
50141,0
50148,0
50155,0
50162,0
50169,0
50176,0
50183,0
50190,0
50197,0
50204,0
50211,0
50218,0
50225,0
50232,0
50239,0
50246,0
50253,0
50260,0
50267,0
50274,0
50281,0
50288,0
50295,0
50302,0
50309,0
50316,0
50323,0
50330,0
50337,0
50344,0
50351,0
50358,0
50365,0
50372,0
50379,0
50386,0
50393,0
50400,0
50407,0
50414,0
50421,0
50428,0
50435,0
50442,0
50449,0
50456,0
50463,0
50470,0
50477,0
50484,0
50491,0
50498,0
50505,0
50512,0
50519,0
50526,0
50533,0
50540,0
50547,0
50554,0
50561,0
50568,0
50575,0
50582,0
50589,0
50596,0
50603,0
50610,0
50617,0
50624,0
50631,0
50638,0
50645,0
50652,0
50659,0
50666,0
50673,0
50680,0
50687,0
50694,0
50701,0
50708,0
50715,0
50722,0
50729,0
50736,0
50743,0
50750,0
50757,0
50764,0
50771,0
50778,0
50785,0
50792,0
50799,0
50806,0
50813,0
50820,0
50827,0
50834,0
50841,0
50848,0
50855,0
50862,0
50869,0
50876,0
50883,0
50890,0
50897,0
50904,0
50911,0
50918,0
50925,0
50932,0
50939,0
50946,0
50953,0
50960,0
50967,0
50974,0
50981,0
50988,0
50995,0
51002,0
51009,0
51016,0
51023,0
51030,0
51037,0
51044,0
51051,0
51058,0
51065,0
51072,0
51079,0
51086,0
51093,0
51100,0
51107,0
51114,0
51121,0
51128,0
51135,0
51142,0
51149,0
51156,0
51163,0
51170,0
51177,0
51184,0
51191,0
51198,0
51205,0
51212,0
51219,0
51226,0
51233,0
51240,0
51247,0
51254,0
51261,0
51268,0
51275,0
51282,0
51289,0
51296,0
51303,0
51310,0
51317,0
51324,0
51331,0
51338,0
51345,0
51352,0
51359,0
51366,0
51373,0
51380,0
51387,0
51394,0
51401,0
51408,0
51415,0
51422,0
51429,0
51436,0
51443,0
51450,0
51457,0
51464,0
51471,0
51478,0
51485,0
51492,0
51499,0
51506,0
51513,0
51520,0
51527,0
51534,0
51541,0
51548,0
51555,0
51562,0
51569,0
51576,0
51583,0
51590,0
51597,0
51604,0
51611,0
51618,0
51625,0
51632,0
51639,0
51646,0
51653,0
51660,0
51667,0
51674,0
51681,0
51688,0
51695,0
51702,0
51709,0
51716,0
51723,0
51730,0
51737,0
51744,0
51751,0
51758,0
51765,0
51772,0
51779,0
51786,0
51793,0
51800,0
51807,0
51814,0
51821,0
51828,0
51835,0
51842,0
51849,0
51856,0
51863,0
51870,0
51877,0
51884,0
51891,0
51898,0
51905,0
51912,0
51919,0
51926,0
51933,0
51940,0
51947,0
51954,0
51961,0
51968,0
51975,0
51982,0
51989,0
51996,0
52003,0
52010,0
52017,0
52024,0
52031,0
52038,0
52045,0
52052,0
52059,0
52066,0
52073,0
52080,0
52087,0
52094,0
52101,0
52108,0
52115,0
52122,0
52129,0
52136,0
52143,0
52150,0
52157,0
52164,0
52171,0
52178,0
52185,0
52192,0
52199,0
52206,0
52213,0
52220,0
52227,0
52234,0
52241,0
52248,0
52255,0
52262,0
52269,0
52276,0
52283,0
52290,0
52297,0
52304,0
52311,0
52318,0
52325,0
52332,0
52339,0
52346,0
52353,0
52360,0
52367,0
52374,0
52381,0
52388,0
52395,0
52402,0
52409,0
52416,0
52423,0
52430,0
52437,0
52444,0
52451,0
52458,0
52465,0
52472,0
52479,0
52486,0
52493,0
52500,0
52507,0
52514,0
52521,0
52528,0
52535,0
52542,0
52549,0
52556,0
52563,0
52570,0
52577,0
52584,0
52591,0
52598,0
52605,0
52612,0
52619,0
52626,0
52633,0
52640,0
52647,0
52654,0
52661,0
52668,0
52675,0
52682,0
52689,0
52696,0
52703,0
52710,0
52717,0
52724,0
52731,0
52738,0
52745,0
52752,0
52759,0
52766,0
52773,0
52780,0
52787,0
52794,0
52801,0
52808,0
52815,0
52822,0
52829,0
52836,0
52843,0
52850,0
52857,0
52864,0
52871,0
52878,0
52885,0
52892,0
52899,0
52906,0
52913,0
52920,0
52927,0
52934,0
52941,0
52948,0
52955,0
52962,0
52969,0
52976,0
52983,0
52990,0
52997,0
53004,0
53011,0
53018,0
53025,0
53032,0
53039,0
53046,0
53053,0
53060,0
53067,0
53074,0
53081,0
53088,0
53095,0
53102,0
53109,0
53116,0
53123,0
53130,0
53137,0
53144,0
53151,0
53158,0
53165,0
53172,0
53179,0
53186,0
53193,0
53200,0
53207,0
53214,0
53221,0
53228,0
53235,0
53242,0
53249,0
53256,0
53263,0
53270,0
53277,0
53284,0
53291,0
53298,0
53305,0
53312,0
53319,0
53326,0
53333,0
53340,0
53347,0
53354,0
53361,0
53368,0
53375,0
53382,0
53389,0
53396,0
53403,0
53410,0
53417,0
53424,0
53431,0
53438,0
53445,0
53452,0
53459,0
53466,0
53473,0
53480,0
53487,0
53494,0
53501,0
53508,0
53515,0
53522,0
53529,0
53536,0
53543,0
53550,0
53557,0
53564,0
53571,0
53578,0
53585,0
53592,0
53599,0
53606,0
53613,0
53620,0
53627,0
53634,0
53641,0
53648,0
53655,0
53662,0
53669,0
53676,0
53683,0
53690,0
53697,0
53704,0
53711,0
53718,0
53725,0
53732,0
53739,0
53746,0
53753,0
53760,0
53767,0
53774,0
53781,0
53788,0
53795,0
53802,0
53809,0
53816,0
53823,0
53830,0
53837,0
53844,0
53851,0
53858,0
53865,0
53872,0
53879,0
53886,0
53893,0
53900,0
53907,0
53914,0
53921,0
53928,0
53935,0
53942,0
53949,0
53956,0
53963,0
53970,0
53977,0
53984,0
53991,0
53998,0
54005,0
54012,0
54019,0
54026,0
54033,0
54040,0
54047,0
54054,0
54061,0
54068,0
54075,0
54082,0
54089,0
54096,0
54103,0
54110,0
54117,0
54124,0
54131,0
54138,0
54145,0
54152,0
54159,0
54166,0
54173,0
54180,0
54187,0
54194,0
54201,0
54208,0
54215,0
54222,0
54229,0
54236,0
54243,0
54250,0
54257,0
54264,0
54271,0
54278,0
54285,0
54292,0
54299,0
54306,0
54313,0
54320,0
54327,0
54334,0
54341,0
54348,0
54355,0
54362,0
54369,0
54376,0
54383,0
54390,0
54397,0
54404,0
54411,0
54418,0
54425,0
54432,0
54439,0
54446,0
54453,0
54460,0
54467,0
54474,0
54481,0
54488,0
54495,0
54502,0
54509,0
54516,0
54523,0
54530,0
54537,0
54544,0
54551,0
54558,0
54565,0
54572,0
54579,0
54586,0
54593,0
54600,0
54607,0
54614,0
54621,0
54628,0
54635,0
54642,0
54649,0
54656,0
54663,0
54670,0
54677,0
54684,0
54691,0
54698,0
54705,0
54712,0
54719,0
54726,0
54733,0
54740,0
54747,0
54754,0
54761,0
54768,0
54775,0
54782,0
54789,0
54796,0
54803,0
54810,0
54817,0
54824,0
54831,0
54838,0
54845,0
54852,0
54859,0
54866,0
54873,0
54880,0
54887,0
54894,0
54901,0
54908,0
54915,0
54922,0
54929,0
54936,0
54943,0
54950,0
54957,0
54964,0
54971,0
54978,0
54985,0
54992,0
54999,0
55006,0
55013,0
55020,0
55027,0
55034,0
55041,0
55048,0
55055,0
55062,0
55069,0
55076,0
55083,0
55090,0
55097,0
55104,0
55111,0
55118,0
55125,0
55132,0
55139,0
55146,0
55153,0
55160,0
55167,0
55174,0
55181,0
55188,0
55195,0
55202,0
55209,0
55216,0
55223,0
55230,0
55237,0
55244,0
55251,0
55258,0
55265,0
55272,0
55279,0
55286,0
55293,0
55300,0
55307,0
55314,0
55321,0
55328,0
55335,0
55342,0
55349,0
55356,0
55363,0
55370,0
55377,0
55384,0
55391,0
55398,0
55405,0
55412,0
55419,0
55426,0
55433,0
55440,0
55447,0
55454,0
55461,0
55468,0
55475,0
55482,0
55489,0
55496,0
55503,0
55510,0
55517,0
55524,0
55531,0
55538,0
55545,0
55552,0
55559,0
55566,0
55573,0
55580,0
55587,0
55594,0
55601,0
55608,0
55615,0
55622,0
55629,0
55636,0
55643,0
55650,0
55657,0
55664,0
55671,0
55678,0
55685,0
55692,0
55699,0
55706,0
55713,0
55720,0
55727,0
55734,0
55741,0
55748,0
55755,0
55762,0
55769,0
55776,0
55783,0
55790,0
55797,0
55804,0
55811,0
55818,0
55825,0
55832,0
55839,0
55846,0
55853,0
55860,0
55867,0
55874,0
55881,0
55888,0
55895,0
55902,0
55909,0
55916,0
55923,0
55930,0
55937,0
55944,0
55951,0
55958,0
55965,0
55972,0
55979,0
55986,0
55993,0
56000,0
56007,0
56014,0
56021,0
56028,0
56035,0
56042,0
56049,0
56056,0
56063,0
56070,0
56077,0
56084,0
56091,0
56098,1
56105,1
56112,1
56119,1
56126,1
56133,1
56140,1
56147,1
56154,1
56161,1
56168,1
56175,1
56182,1
56189,1
56196,1
56203,1
56210,2
56217,2
56224,2
56231,2
56238,2
56245,2
56252,2
56259,2
56266,2
56273,2
56280,2
56287,2
56294,2
56301,2
56308,2
56315,2
56322,2
56329,2
56336,2
56343,2
56350,2
56357,2
56364,2
56371,2
56378,2
56385,2
56392,2
56399,2
56406,2
56413,2
56420,2
56427,2
56434,2
56441,2
56448,2
56455,2
56462,2
56469,2
56476,2
56483,2
56490,2
56497,2
56504,2
56511,2
56518,2
56525,2
56532,2
56539,2
56546,2
56553,2
56560,2
56567,2
56574,2
56581,2
56588,2
56595,2
56602,2
56609,2
56616,2
56623,2
56630,2
56637,2
56644,2
56651,2
56658,2
56665,2
56672,2
56679,2
56686,2
56693,2
56700,2
56707,2
56714,2
56721,0
56728,0
56735,0
56742,0
56749,0
56756,0
56763,0
56770,0
56777,0
56784,0
56791,0
56798,0
56805,0
56812,0
56819,0
56826,0
56833,0
56840,0
56847,0
56854,0
56861,0
56868,0
56875,0
56882,0
56889,0
56896,0
56903,0
56910,0
56917,0
56924,0
56931,0
56938,0
56945,0
56952,0
56959,0
56966,0
56973,0
56980,0
56987,0
56994,0
57001,0
57008,0
57015,0
57022,0
57029,0
57036,0
57043,0
57050,0
57057,0
57064,0
57071,0
57078,0
57085,0
57092,0
57099,0
57106,0
57113,0
57120,0
57127,0
57134,0
57141,0
57148,0
57155,0
57162,0
57169,0
57176,0
57183,0
57190,0
57197,0
57204,0
57211,0
57218,0
57225,0
57232,0
57239,0
57246,0
57253,0
57260,0
57267,0
57274,0
57281,0
57288,0
57295,0
57302,0
57309,0
57316,0
57323,0
57330,0
57337,0
57344,0
57351,0
57358,0
57365,0
57372,0
57379,0
57386,0
57393,0
57400,0
57407,0
57414,0
57421,0
57428,0
57435,0
57442,0
57449,0
57456,0
57463,0
57470,0
57477,0
57484,0
57491,0
57498,0
57505,0
57512,0
57519,0
57526,0
57533,0
57540,0
57547,0
57554,0
57561,0
57568,0
57575,0
57582,0
57589,0
57596,0
57603,0
57610,0
57617,0
57624,0
57631,0
57638,0
57645,0
57652,0
57659,0
57666,0
57673,0
57680,0
57687,0
57694,0
57701,0
57708,0
57715,0
57722,0
57729,0
57736,0
57743,0
57750,0
57757,0
57764,0
57771,0
57778,0
57785,0
57792,0
57799,0
57806,0
57813,0
57820,0
57827,0
57834,0
57841,0
57848,0
57855,0
57862,0
57869,0
57876,0
57883,0
57890,0
57897,0
57904,0
57911,0
57918,0
57925,0
57932,0
57939,0
57946,0
57953,0
57960,0
57967,0
57974,0
57981,0
57988,0
57995,0
58002,0
58009,0
58016,0
58023,0
58030,0
58037,0
58044,0
58051,0
58058,0
58065,0
58072,0
58079,0
58086,0
58093,0
58100,0
58107,0
58114,0
58121,0
58128,0
58135,0
58142,0
58149,0
58156,0
58163,0
58170,0
58177,0
58184,0
58191,0
58198,0
58205,0
58212,0
58219,0
58226,0
58233,0
58240,0
58247,0
58254,0
58261,0
58268,0
58275,0
58282,0
58289,0
58296,0
58303,0
58310,0
58317,0
58324,0
58331,0
58338,0
58345,0
58352,0
58359,0
58366,0
58373,0
58380,0
58387,0
58394,0
58401,0
58408,0
58415,0
58422,0
58429,0
58436,0
58443,0
58450,0
58457,0
58464,0
58471,0
58478,0
58485,0
58492,0
58499,0
58506,0
58513,0
58520,0
58527,0
58534,0
58541,0
58548,0
58555,0
58562,0
58569,0
58576,0
58583,0
58590,0
58597,0
58604,0
58611,0
58618,0
58625,0
58632,0
58639,0
58646,0
58653,0
58660,0
58667,0
58674,0
58681,0
58688,0
58695,0
58702,0
58709,0
58716,0
58723,0
58730,0
58737,0
58744,0
58751,0
58758,0
58765,0
58772,0
58779,0
58786,0
58793,0
58800,0
58807,0
58814,0
58821,0
58828,0
58835,0
58842,0
58849,0
58856,0
58863,0
58870,0
58877,0
58884,0
58891,0
58898,0
58905,0
58912,0
58919,0
58926,0
58933,0
58940,0
58947,0
58954,0
58961,0
58968,0
58975,0
58982,0
58989,0
58996,0
59003,0
59010,0
59017,0
59024,0
59031,0
59038,0
59045,0
59052,0
59059,0
59066,0
59073,0
59080,0
59087,0
59094,0
59101,0
59108,0
59115,0
59122,0
59129,0
59136,0
59143,0
59150,0
59157,0
59164,0
59171,0
59178,0
59185,0
59192,0
59199,0
59206,0
59213,0
59220,0
59227,0
59234,0
59241,0
59248,0
59255,0
59262,0
59269,0
59276,0
59283,0
59290,0
59297,0
59304,0
59311,0
59318,0
59325,0
59332,0
59339,0
59346,0
59353,0
59360,0
59367,0
59374,0
59381,0
59388,0
59395,0
59402,0
59409,0
59416,0
59423,0
59430,0
59437,0
59444,0
59451,0
59458,0
59465,0
59472,0
59479,0
59486,0
59493,0
59500,0
59507,0
59514,0
59521,0
59528,0
59535,0
59542,0
59549,0
59556,0
59563,0
59570,0
59577,0
59584,0
59591,0
59598,0
59605,0
59612,0
59619,0
59626,0
59633,0
59640,0
59647,0
59654,0
59661,0
59668,0
59675,0
59682,0
59689,0
59696,0
59703,0
59710,0
59717,0
59724,0
59731,0
59738,0
59745,0
59752,0
59759,0
59766,0
59773,0
59780,0
59787,0
59794,0
59801,0
59808,0
59815,0
59822,0
59829,0
59836,0
59843,0
59850,0
59857,0
59864,0
59871,0
59878,0
59885,0
59892,0
59899,0
59906,0
59913,0
59920,0
59927,0
59934,0
59941,0
59948,0
59955,0
59962,0
59969,0
59976,0
59983,0
59990,0
59997,0
60004,0
60011,0
60018,0
60025,0
60032,0
60039,0
60046,0
60053,0
60060,0
60067,0
60074,0
60081,0
60088,0
60095,0
60102,0
60109,0
60116,0
60123,0
60130,0
60137,0
60144,0
60151,0
60158,0
60165,0
60172,0
60179,0
60186,0
60193,0
60200,0
60207,0
60214,0
60221,0
60228,0
60235,0
60242,0
60249,0
60256,0
60263,0
60270,0
60277,0
60284,0
60291,0
60298,0
60305,0
60312,0
60319,0
60326,0
60333,0
60340,0
60347,0
60354,0
60361,0
60368,0
60375,0
60382,0
60389,0
60396,0
60403,0
60410,0
60417,0
60424,0
60431,0
60438,0
60445,0
60452,0
60459,0
60466,0
60473,0
60480,0
60487,0
60494,0
60501,0
60508,0
60515,0
60522,0
60529,0
60536,0
60543,0
60550,0
60557,0
60564,0
60571,0
60578,0
60585,0
60592,0
60599,0
60606,0
60613,0
60620,0
60627,0
60634,0
60641,0
60648,0
60655,0
60662,0
60669,0
60676,0
60683,0
60690,0
60697,0
60704,0
60711,0
60718,0
60725,0
60732,0
60739,0
60746,0
60753,0
60760,0
60767,0
60774,0
60781,0
60788,0
60795,0
60802,0
60809,0
60816,0
60823,0
60830,0
60837,0
60844,0
60851,0
60858,0
60865,0
60872,0
60879,0
60886,0
60893,0
60900,0
60907,0
60914,0
60921,0
60928,0
60935,0
60942,0
60949,0
60956,0
60963,0
60970,0
60977,0
60984,0
60991,0
60998,0
61005,0
61012,0
61019,0
61026,0
61033,0
61040,0
61047,0
61054,0
61061,0
61068,0
61075,0
61082,0
61089,0
61096,0
61103,0
61110,0
61117,0
61124,0
61131,0
61138,0
61145,0
61152,0
61159,0
61166,0
61173,0
61180,0
61187,0
61194,0
61201,0
61208,0
61215,0
61222,0
61229,0
61236,0
61243,0
61250,0
61257,0
61264,0
61271,0
61278,0
61285,0
61292,0
61299,0
61306,0
61313,0
61320,0
61327,0
61334,0
61341,0
61348,0
61355,0
61362,0
61369,0
61376,0
61383,0
61390,0
61397,0
61404,0
61411,0
61418,0
61425,0
61432,0
61439,0
61446,0
61453,0
61460,0
61467,0
61474,0
61481,0
61488,0
61495,0
61502,0
61509,0
61516,0
61523,0
61530,0
61537,0
61544,0
61551,0
61558,0
61565,0
61572,0
61579,0
61586,0
61593,0
61600,0
61607,0
61614,0
61621,0
61628,0
61635,0
61642,0
61649,0
61656,0
61663,0
61670,0
61677,0
61684,0
61691,0
61698,0
61705,0
61712,0
61719,0
61726,0
61733,0
61740,0
61747,0
61754,0
61761,0
61768,0
61775,0
61782,0
61789,0
61796,0
61803,0
61810,0
61817,0
61824,0
61831,0
61838,0
61845,0
61852,0
61859,0
61866,0
61873,0
61880,0
61887,0
61894,0
61901,0
61908,0
61915,0
61922,0
61929,0
61936,0
61943,0
61950,0
61957,0
61964,0
61971,0
61978,0
61985,0
61992,0
61999,0
62006,0
62013,0
62020,0
62027,0
62034,0
62041,0
62048,0
62055,0
62062,0
62069,0
62076,0
62083,0
62090,0
62097,0
62104,0
62111,0
62118,0
62125,0
62132,0
62139,0
62146,0
62153,0
62160,0
62167,0
62174,0
62181,0
62188,0
62195,0
62202,0
62209,0
62216,0
62223,0
62230,0
62237,0
62244,0
62251,0
62258,0
62265,0
62272,0
62279,0
62286,0
62293,0
62300,0
62307,0
62314,0
62321,0
62328,0
62335,0
62342,0
62349,0
62356,0
62363,0
62370,0
62377,0
62384,0
62391,0
62398,0
62405,0
62412,0
62419,0
62426,0
62433,0
62440,0
62447,0
62454,0
62461,0
62468,1
62475,1
62482,1
62489,1
62496,1
62503,1
62510,1
62517,1
62524,1
62531,1
62538,1
62545,1
62552,1
62559,1
62566,1
62573,1
62580,1
62587,1
62594,1
62601,1
62608,1
62615,1
62622,1
62629,1
62636,1
62643,1
62650,1
62657,1
62664,1
62671,1
62678,1
62685,1
62692,1
62699,2
62706,2
62713,2
62720,2
62727,2
62734,2
62741,2
62748,2
62755,2
62762,2
62769,2
62776,2
62783,2
62790,2
62797,2
62804,2
62811,2
62818,2
62825,2
62832,2
62839,2
62846,2
62853,2
62860,2
62867,2
62874,2
62881,2
62888,2
62895,2
62902,2
62909,2
62916,2
62923,2
62930,2
62937,2
62944,2
62951,2
62958,2
62965,2
62972,2
62979,2
62986,2
62993,2
63000,2
63007,2
63014,2
63021,2
63028,2
63035,2
63042,2
63049,2
63056,2
63063,2
63070,2
63077,2
63084,2
63091,2
63098,2
63105,2
63112,2
63119,2
63126,2
63133,2
63140,2
63147,2
63154,2
63161,2
63168,2
63175,0
63182,0
63189,0
63196,0
63203,0
63210,0
63217,0
63224,0
63231,0
63238,0
63245,0
63252,0
63259,0
63266,0
63273,0
63280,0
63287,0
63294,0
63301,0
63308,0
63315,0
63322,0
63329,0
63336,0
63343,0
63350,0
63357,0
63364,0
63371,0
63378,0
63385,0
63392,0
63399,0
63406,0
63413,0
63420,0
63427,0
63434,0
63441,0
63448,0
63455,0
63462,0
63469,0
63476,0
63483,0
63490,0
63497,0
63504,0
63511,0
63518,0
63525,0
63532,0
63539,0
63546,0
63553,0
63560,0
63567,0
63574,0
63581,0
63588,0
63595,0
63602,0
63609,0
63616,0
63623,0
63630,0
63637,0
63644,0
63651,0
63658,0
63665,0
63672,0
63679,0
63686,0
63693,0
63700,0
63707,0
63714,0
63721,0
63728,0
63735,0
63742,0
63749,0
63756,0
63763,0
63770,0
63777,0
63784,0
63791,0
63798,0
63805,0
63812,0
63819,0
63826,0
63833,0
63840,0
63847,0
63854,0
63861,0
63868,0
63875,0
63882,0
63889,0
63896,0
63903,0
63910,0
63917,0
63924,0
63931,0
63938,0
63945,0
63952,0
63959,0
63966,0
63973,0
63980,0
63987,0
63994,0
64001,0
64008,0
64015,0
64022,0
64029,0
64036,0
64043,0
64050,0
64057,0
64064,0
64071,0
64078,0
64085,0
64092,0
64099,0
64106,0
64113,0
64120,0
64127,0
64134,0
64141,0
64148,0
64155,0
64162,0
64169,0
64176,0
64183,0
64190,0
64197,0
64204,0
64211,0
64218,0
64225,0
64232,0
64239,0
64246,0
64253,0
64260,0
64267,0
64274,0
64281,0
64288,0
64295,0
64302,0
64309,0
64316,0
64323,0
64330,0
64337,0
64344,0
64351,0
64358,0
64365,0
64372,0
64379,0
64386,0
64393,0
64400,0
64407,0
64414,0
64421,0
64428,0
64435,0
64442,0
64449,0
64456,0
64463,0
64470,0
64477,0
64484,0
64491,0
64498,0
64505,0
64512,0
64519,0
64526,0
64533,0
64540,0
64547,0
64554,0
64561,0
64568,0
64575,0
64582,0
64589,0
64596,0
64603,0
64610,0
64617,0
64624,0
64631,0
64638,0
64645,0
64652,0
64659,0
64666,0
64673,0
64680,0
64687,0
64694,0
64701,0
64708,0
64715,0
64722,0
64729,0
64736,0
64743,0
64750,0
64757,0
64764,0
64771,0
64778,0
64785,0
64792,0
64799,0
64806,0
64813,0
64820,0
64827,0
64834,0
64841,0
64848,0
64855,0
64862,0
64869,0
64876,0
64883,0
64890,0
64897,0
64904,0
64911,0
64918,0
64925,0
64932,0
64939,0
64946,0
64953,0
64960,0
64967,0
64974,0
64981,0
64988,0
64995,0
65002,0
65009,0
65016,0
65023,0
65030,0
65037,0
65044,0
65051,0
65058,0
65065,0
65072,0
65079,0
65086,0
65093,0
65100,0
65107,0
65114,0
65121,0
65128,0
65135,0
65142,0
65149,0
65156,0
65163,0
65170,0
65177,0
65184,0
65191,0
65198,0
65205,0
65212,0
65219,0
65226,0
65233,0
65240,0
65247,0
65254,0
65261,0
65268,0
65275,0
65282,0
65289,0
65296,0
65303,0
65310,0
65317,0
65324,0
65331,0
65338,0
65345,0
65352,0
65359,0
65366,0
65373,0
65380,0
65387,0
65394,0
65401,0
65408,0
65415,0
65422,0
65429,0
65436,0
65443,0
65450,0
65457,0
65464,0
65471,0
65478,0
65485,0
65492,0
65499,0
65506,0
65513,0
65520,0
65527,0
65534,0
65541,0
65548,0
65555,0
65562,0
65569,0
65576,0
65583,0
65590,0
65597,0
65604,0
65611,0
65618,0
65625,0
65632,0
65639,0
65646,0
65653,0
65660,0
65667,0
65674,0
65681,0
65688,0
65695,0
65702,0
65709,0
65716,0
65723,0
65730,0
65737,0
65744,0
65751,0
65758,0
65765,0
65772,0
65779,0
65786,0
65793,0
65800,0
65807,0
65814,0
65821,0
65828,0
65835,0
65842,0
65849,0
65856,0
65863,0
65870,0
65877,0
65884,0
65891,0
65898,0
65905,0
65912,0
65919,0
65926,0
65933,0
65940,0
65947,0
65954,0
65961,0
65968,0
65975,0
65982,0
65989,0
65996,0
66003,0
66010,0
66017,0
66024,0
66031,0
66038,0
66045,0
66052,0
66059,0
66066,0
66073,0
66080,0
66087,0
66094,0
66101,0
66108,0
66115,0
66122,0
66129,0
66136,0
66143,0
66150,0
66157,0
66164,0
66171,0
66178,0
66185,0
66192,0
66199,0
66206,0
66213,0
66220,0
66227,0
66234,0
66241,0
66248,0
66255,0
66262,0
66269,0
66276,0
66283,0
66290,0
66297,0
66304,0
66311,0
66318,0
66325,0
66332,0
66339,0
66346,0
66353,0
66360,0
66367,0
66374,0
66381,0
66388,0
66395,0
66402,0
66409,0
66416,0
66423,0
66430,0
66437,0
66444,0
66451,0
66458,0
66465,0
66472,0
66479,0
66486,0
66493,0
66500,0
66507,0
66514,0
66521,0
66528,0
66535,0
66542,0
66549,0
66556,0
66563,0
66570,0
66577,0
66584,0
66591,0
66598,0
66605,0
66612,0
66619,0
66626,0
66633,0
66640,0
66647,0
66654,0
66661,0
66668,0
66675,0
66682,0
66689,0
66696,0
66703,0
66710,0
66717,0
66724,0
66731,0
66738,0
66745,0
66752,0
66759,0
66766,0
66773,0
66780,0
66787,0
66794,0
66801,0
66808,0
66815,0
66822,0
66829,0
66836,0
66843,0
66850,0
66857,0
66864,0
66871,0
66878,0
66885,0
66892,0
66899,0
66906,0
66913,0
66920,0
66927,0
66934,0
66941,0
66948,0
66955,0
66962,0
66969,0
66976,0
66983,0
66990,0
66997,0
67004,0
67011,0
67018,0
67025,0
67032,0
67039,0
67046,0
67053,0
67060,0
67067,0
67074,0
67081,0
67088,0
67095,0
67102,0
67109,0
67116,0
67123,0
67130,0
67137,0
67144,0
67151,0
67158,0
67165,0
67172,0
67179,0
67186,0
67193,0
67200,0
67207,0
67214,0
67221,0
67228,0
67235,0
67242,0
67249,0
67256,0
67263,0
67270,0
67277,0
67284,0
67291,0
67298,0
67305,0
67312,0
67319,0
67326,0
67333,0
67340,0
67347,0
67354,0
67361,0
67368,0
67375,0
67382,0
67389,0
67396,0
67403,0
67410,0
67417,0
67424,0
67431,0
67438,0
67445,0
67452,0
67459,0
67466,0
67473,0
67480,0
67487,0
67494,0
67501,0
67508,0
67515,0
67522,0
67529,0
67536,0
67543,0
67550,0
67557,0
67564,0
67571,0
67578,0
67585,0
67592,0
67599,0
67606,0
67613,0
67620,0
67627,0
67634,0
67641,0
67648,0
67655,0
67662,0
67669,0
67676,0
67683,0
67690,0
67697,0
67704,0
67711,0
67718,0
67725,0
67732,0
67739,0
67746,0
67753,0
67760,0
67767,0
67774,0
67781,0
67788,0
67795,0
67802,0
67809,0
67816,0
67823,0
67830,0
67837,0
67844,0
67851,0
67858,0
67865,0
67872,0
67879,0
67886,0
67893,0
67900,0
67907,0
67914,0
67921,0
67928,0
67935,0
67942,0
67949,0
67956,0
67963,0
67970,0
67977,0
67984,0
67991,0
67998,0
68005,0
68012,0
68019,0
68026,0
68033,0
68040,0
68047,0
68054,0
68061,0
68068,0
68075,0
68082,0
68089,0
68096,0
68103,0
68110,0
68117,0
68124,0
68131,0
68138,0
68145,0
68152,0
68159,0
68166,0
68173,0
68180,0
68187,0
68194,0
68201,0
68208,0
68215,0
68222,0
68229,0
68236,0
68243,0
68250,0
68257,0
68264,0
68271,0
68278,0
68285,0
68292,0
68299,0
68306,0
68313,0
68320,0
68327,0
68334,0
68341,0
68348,0
68355,0
68362,0
68369,0
68376,0
68383,0
68390,0
68397,0
68404,0
68411,0
68418,0
68425,0
68432,0
68439,0
68446,0
68453,0
68460,0
68467,0
68474,0
68481,0
68488,0
68495,0
68502,0
68509,0
68516,0
68523,0
68530,0
68537,0
68544,0
68551,0
68558,0
68565,1
68572,1
68579,1
68586,1
68593,1
68600,1
68607,1
68614,1
68621,1
68628,1
68635,1
68642,1
68649,1
68656,1
68663,1
68670,1
68677,1
68684,1
68691,1
68698,1
68705,1
68712,1
68719,1
68726,1
68733,1
68740,1
68747,1
68754,1
68761,1
68768,1
68775,1
68782,1
68789,1
68796,1
68803,1
68810,1
68817,1
68824,1
68831,1
68838,1
68845,1
68852,1
68859,1
68866,1
68873,1
68880,1
68887,1
68894,1
68901,1
68908,1
68915,1
68922,1
68929,1
68936,1
68943,1
68950,1
68957,1
68964,1
68971,1
68978,1
68985,1
68992,1
68999,1
69006,1
69013,1
69020,1
69027,1
69034,1
69041,1
69048,1
69055,1
69062,1
69069,2
69076,2
69083,2
69090,2
69097,2
69104,2
69111,2
69118,2
69125,2
69132,2
69139,2
69146,2
69153,2
69160,2
69167,2
69174,2
69181,2
69188,2
69195,2
69202,2
69209,2
69216,2
69223,2
69230,2
69237,2
69244,2
69251,2
69258,2
69265,2
69272,2
69279,2
69286,2
69293,2
69300,2
69307,2
69314,2
69321,2
69328,2
69335,2
69342,2
69349,2
69356,2
69363,2
69370,2
69377,2
69384,2
69391,2
69398,2
69405,2
69412,2
69419,2
69426,2
69433,2
69440,2
69447,2
69454,2
69461,2
69468,2
69475,2
69482,2
69489,2
69496,2
69503,2
69510,0
69517,0
69524,0
69531,0
69538,0
69545,0
69552,0
69559,0
69566,0
69573,0
69580,0
69587,0
69594,0
69601,0
69608,0
69615,0
69622,0
69629,0
69636,0
69643,0
69650,0
69657,0
69664,0
69671,0
69678,0
69685,0
69692,0
69699,0
69706,0
69713,0
69720,0
69727,0
69734,0
69741,0
69748,0
69755,0
69762,0
69769,0
69776,0
69783,0
69790,0
69797,0
69804,0
69811,0
69818,0
69825,0
69832,0
69839,0
69846,0
69853,0
69860,0
69867,0
69874,0
69881,0
69888,0
69895,0
69902,0
69909,0
69916,0
69923,0
69930,0
69937,0
69944,0
69951,0
69958,0
69965,0
69972,0
69979,0
69986,0
69993,0
70000,0
70007,0
70014,0
70021,0
70028,0
70035,0
70042,0
70049,0
70056,0
70063,0
70070,0
70077,0
70084,0
70091,0
70098,0
70105,0
70112,0
70119,0
70126,0
70133,0
70140,0
70147,0
70154,0
70161,0
70168,0
70175,0
70182,0
70189,0
70196,0
70203,0
70210,0
70217,0
70224,0
70231,0
70238,0
70245,0
70252,0
70259,0
70266,0
70273,0
70280,0
70287,0
70294,0
70301,0
70308,0
70315,0
70322,0
70329,0
70336,0
70343,0
70350,0
70357,0
70364,0
70371,0
70378,0
70385,0
70392,0
70399,0
70406,0
70413,0
70420,0
70427,0
70434,0
70441,0
70448,0
70455,0
70462,0
70469,0
70476,0
70483,0
70490,0
70497,0
70504,0
70511,0
70518,0
70525,0
70532,0
70539,0
70546,0
70553,0
70560,0
70567,0
70574,0
70581,0
70588,0
70595,0
70602,0
70609,0
70616,0
70623,0
70630,0
70637,0
70644,0
70651,0
70658,0
70665,0
70672,0
70679,0
70686,0
70693,0
70700,0
70707,0
70714,0
70721,0
70728,0
70735,0
70742,0
70749,0
70756,0
70763,0
70770,0
70777,0
70784,0
70791,0
70798,0
70805,0
70812,0
70819,0
70826,0
70833,0
70840,0
70847,0
70854,0
70861,0
70868,0
70875,0
70882,0
70889,0
70896,0
70903,0
70910,0
70917,0
70924,0
70931,0
70938,0
70945,0
70952,0
70959,0
70966,0
70973,0
70980,0
70987,0
70994,0
71001,0
71008,0
71015,0
71022,0
71029,0
71036,0
71043,0
71050,0
71057,0
71064,0
71071,0
71078,0
71085,0
71092,0
71099,0
71106,0
71113,0
71120,0
71127,0
71134,0
71141,0
71148,0
71155,0
71162,0
71169,0
71176,0
71183,0
71190,0
71197,0
71204,0
71211,0
71218,0
71225,0
71232,0
71239,0
71246,0
71253,0
71260,0
71267,0
71274,0
71281,0
71288,0
71295,0
71302,0
71309,0
71316,0
71323,0
71330,0
71337,0
71344,0
71351,0
71358,0
71365,0
71372,0
71379,0
71386,0
71393,0
71400,0
71407,0
71414,0
71421,0
71428,0
71435,0
71442,0
71449,0
71456,0
71463,0
71470,0
71477,0
71484,0
71491,0
71498,0
71505,0
71512,0
71519,0
71526,0
71533,0
71540,0
71547,0
71554,0
71561,0
71568,0
71575,0
71582,0
71589,0
71596,0
71603,0
71610,0
71617,0
71624,0
71631,0
71638,0
71645,0
71652,0
71659,0
71666,0
71673,0
71680,0
71687,0
71694,0
71701,0
71708,0
71715,0
71722,0
71729,0
71736,0
71743,0
71750,0
71757,0
71764,0
71771,0
71778,0
71785,0
71792,0
71799,0
71806,0
71813,0
71820,0
71827,0
71834,0
71841,0
71848,0
71855,0
71862,0
71869,0
71876,0
71883,0
71890,0
71897,0
71904,0
71911,0
71918,0
71925,0
71932,0
71939,0
71946,0
71953,0
71960,0
71967,0
71974,0
71981,0
71988,0
71995,0
72002,0
72009,0
72016,0
72023,0
72030,0
72037,0
72044,0
72051,0
72058,0
72065,0
72072,0
72079,0
72086,0
72093,0
72100,0
72107,0
72114,0
72121,0
72128,0
72135,0
72142,0
72149,0
72156,0
72163,0
72170,0
72177,0
72184,0
72191,0
72198,0
72205,0
72212,0
72219,0
72226,0
72233,0
72240,0
72247,0
72254,0
72261,0
72268,0
72275,0
72282,0
72289,0
72296,0
72303,0
72310,0
72317,0
72324,0
72331,0
72338,0
72345,0
72352,0
72359,0
72366,0
72373,0
72380,0
72387,0
72394,0
72401,0
72408,0
72415,0
72422,0
72429,0
72436,0
72443,0
72450,0
72457,0
72464,0
72471,0
72478,0
72485,0
72492,0
72499,0
72506,0
72513,0
72520,0
72527,0
72534,0
72541,0
72548,0
72555,0
72562,0
72569,0
72576,0
72583,0
72590,0
72597,0
72604,0
72611,0
72618,0
72625,0
72632,0
72639,0
72646,0
72653,0
72660,0
72667,0
72674,0
72681,0
72688,0
72695,0
72702,0
72709,0
72716,0
72723,0
72730,0
72737,0
72744,0
72751,0
72758,0
72765,0
72772,0
72779,0
72786,0
72793,0
72800,0
72807,0
72814,0
72821,0
72828,0
72835,0
72842,0
72849,0
72856,0
72863,0
72870,0
72877,0
72884,0
72891,0
72898,0
72905,0
72912,0
72919,0
72926,0
72933,0
72940,0
72947,0
72954,0
72961,0
72968,0
72975,0
72982,0
72989,0
72996,0
73003,0
73010,0
73017,0
73024,0
73031,0
73038,0
73045,0
73052,0
73059,0
73066,0
73073,0
73080,0
73087,0
73094,0
73101,0
73108,0
73115,0
73122,0
73129,0
73136,0
73143,0
73150,0
73157,0
73164,0
73171,0
73178,0
73185,0
73192,0
73199,0
73206,0
73213,0
73220,0
73227,0
73234,0
73241,0
73248,0
73255,0
73262,0
73269,0
73276,0
73283,0
73290,0
73297,0
73304,0
73311,0
73318,0
73325,0
73332,0
73339,0
73346,0
73353,0
73360,0
73367,0
73374,0
73381,0
73388,0
73395,0
73402,0
73409,0
73416,0
73423,0
73430,0
73437,0
73444,0
73451,0
73458,0
73465,0
73472,0
73479,0
73486,0
73493,0
73500,0
73507,0
73514,0
73521,0
73528,0
73535,0
73542,0
73549,0
73556,0
73563,0
73570,0
73577,0
73584,0
73591,0
73598,0
73605,0
73612,0
73619,0
73626,0
73633,0
73640,0
73647,0
73654,0
73661,0
73668,0
73675,0
73682,0
73689,0
73696,0
73703,0
73710,0
73717,0
73724,0
73731,0
73738,0
73745,0
73752,0
73759,0
73766,0
73773,0
73780,0
73787,0
73794,0
73801,0
73808,0
73815,0
73822,0
73829,0
73836,0
73843,0
73850,0
73857,0
73864,0
73871,0
73878,0
73885,0
73892,0
73899,0
73906,0
73913,0
73920,0
73927,0
73934,0
73941,0
73948,0
73955,0
73962,0
73969,0
73976,0
73983,0
73990,0
73997,0
74004,0
74011,0
74018,0
74025,0
74032,0
74039,0
74046,0
74053,0
74060,0
74067,0
74074,0
74081,0
74088,0
74095,0
74102,0
74109,0
74116,0
74123,0
74130,0
74137,0
74144,0
74151,0
74158,0
74165,0
74172,0
74179,0
74186,0
74193,0
74200,0
74207,0
74214,0
74221,0
74228,0
74235,0
74242,0
74249,0
74256,0
74263,0
74270,0
74277,0
74284,0
74291,0
74298,0
74305,0
74312,0
74319,0
74326,0
74333,0
74340,0
74347,0
74354,0
74361,0
74368,0
74375,0
74382,0
74389,0
74396,0
74403,0
74410,0
74417,0
74424,0
74431,0
74438,0
74445,0
74452,0
74459,0
74466,0
74473,0
74480,0
74487,0
74494,0
74501,0
74508,0
74515,0
74522,0
74529,0
74536,0
74543,0
74550,0
74557,0
74564,0
74571,0
74578,0
74585,0
74592,0
74599,0
74606,0
74613,0
74620,0
74627,0
74634,0
74641,0
74648,0
74655,0
74662,0
74669,0
74676,0
74683,0
74690,0
74697,0
74704,0
74711,0
74718,0
74725,0
74732,0
74739,0
74746,0
74753,0
74760,0
74767,0
74774,0
74781,0
74788,0
74795,0
74802,0
74809,0
74816,0
74823,0
74830,0
74837,0
74844,0
74851,0
74858,0
74865,0
74872,0
74879,0
74886,0
74893,0
74900,0
74907,0
74914,0
74921,0
74928,0
74935,0
74942,0
74949,0
74956,0
74963,0
74970,0
74977,0
74984,0
74991,0
74998,0
75005,0
75012,0
75019,0
75026,0
75033,0
75040,0
75047,0
75054,0
75061,0
75068,0
75075,0
75082,0
75089,0
75096,0
75103,0
75110,0
75117,0
75124,0
75131,0
75138,0
75145,0
75152,0
75159,0
75166,0
75173,0
75180,0
75187,0
75194,0
75201,0
75208,0
75215,0
75222,0
75229,0
75236,0
75243,0
75250,0
75257,0
75264,0
75271,0
75278,0
75285,0
75292,0
75299,0
75306,0
75313,0
75320,0
75327,0
75334,0
75341,0
75348,0
75355,0
75362,0
75369,0
75376,0
75383,0
75390,0
75397,0
75404,0
75411,0
75418,0
75425,0
75432,0
75439,0
75446,0
75453,0
75460,0
75467,0
75474,0
75481,0
75488,0
75495,0
75502,0
75509,0
75516,0
75523,0
75530,0
75537,0
75544,0
75551,0
75558,0
75565,0
75572,0
75579,0
75586,0
75593,0
75600,0
75607,0
75614,0
75621,0
75628,0
75635,0
75642,0
75649,0
75656,0
75663,0
75670,0
75677,0
75684,0
75691,0
75698,0
75705,0
75712,0
75719,0
75726,0
75733,0
75740,0
75747,0
75754,0
75761,0
75768,0
75775,0
75782,0
75789,0
75796,0
75803,0
75810,0
75817,0
75824,0
75831,0
75838,0
75845,0
75852,0
75859,0
75866,0
75873,0
75880,0
75887,0
75894,0
75901,0
75908,0
75915,0
75922,0
75929,0
75936,0
75943,0
75950,0
75957,0
75964,0
75971,0
75978,0
75985,0
75992,0
75999,0
76006,0
76013,0
76020,0
76027,0
76034,0
76041,0
76048,0
76055,0
76062,0
76069,0
76076,0
76083,0
76090,0
76097,0
76104,0
76111,0
76118,0
76125,0
76132,0
76139,0
76146,0
76153,0
76160,0
76167,0
76174,0
76181,0
76188,0
76195,0
76202,0
76209,0
76216,0
76223,0
76230,0
76237,0
76244,0
76251,0
76258,0
76265,0
76272,0
76279,0
76286,0
76293,0
76300,0
76307,0
76314,0
76321,0
76328,0
76335,0
76342,0
76349,0
76356,0
76363,0
76370,0
76377,0
76384,0
76391,0
76398,0
76405,0
76412,0
76419,0
76426,0
76433,0
76440,0
76447,0
76454,0
76461,0
76468,0
76475,0
76482,0
76489,0
76496,0
76503,0
76510,0
76517,0
76524,0
76531,0
76538,0
76545,0
76552,0
76559,0
76566,0
76573,0
76580,0
76587,0
76594,0
76601,0
76608,0
76615,0
76622,0
76629,0
76636,0
76643,0
76650,0
76657,0
76664,0
76671,0
76678,0
76685,0
76692,0
76699,0
76706,0
76713,0
76720,0
76727,0
76734,0
76741,0
76748,0
76755,0
76762,0
76769,0
76776,0
76783,0
76790,0
76797,0
76804,0
76811,1
76818,1
76825,1
76832,1
76839,1
76846,1
76853,1
76860,1
76867,1
76874,1
76881,1
76888,1
76895,1
76902,1
76909,1
76916,1
76923,1
76930,1
76937,1
76944,1
76951,1
76958,1
76965,1
76972,1
76979,1
76986,1
76993,1
77000,1
77007,1
77014,1
77021,1
77028,1
77035,1
77042,1
77049,1
77056,1
77063,1
77070,1
77077,1
77084,1
77091,1
77098,1
77105,1
77112,1
77119,1
77126,1
77133,1
77140,1
77147,1
77154,1
77161,1
77168,1
77175,1
77182,1
77189,1
77196,1
77203,1
77210,1
77217,1
77224,1
77231,1
77238,1
77245,1
77252,1
77259,1
77266,1
77273,1
77280,1
77287,2
77294,2
77301,2
77308,2
77315,2
77322,2
77329,2
77336,2
77343,2
77350,2
77357,2
77364,2
77371,2
77378,2
77385,2
77392,2
77399,2
77406,2
77413,2
77420,2
77427,2
77434,2
77441,2
77448,2
77455,2
77462,2
77469,2
77476,2
77483,2
77490,2
77497,2
77504,2
77511,2
77518,2
77525,2
77532,2
77539,2
77546,2
77553,2
77560,2
77567,2
77574,2
77581,2
77588,2
77595,2
77602,2
77609,2
77616,2
77623,2
77630,2
77637,2
77644,2
77651,2
77658,2
77665,2
77672,2
77679,2
77686,2
77693,2
77700,2
77707,2
77714,2
77721,2
77728,2
77735,2
77742,2
77749,2
77756,2
77763,2
77770,2
77777,0
77784,0
77791,0
77798,0
77805,0
77812,0
77819,0
77826,0
77833,0
77840,0
77847,0
77854,0
77861,0
77868,0
77875,0
77882,0
77889,0
77896,0
77903,0
77910,0
77917,0
77924,0
77931,0
77938,0
77945,0
77952,0
77959,0
77966,0
77973,0
77980,0
77987,0
77994,0
78001,0
78008,0
78015,0
78022,0
78029,0
78036,0
78043,0
78050,0
78057,0
78064,0
78071,0
78078,0
78085,0
78092,0
78099,0
78106,0
78113,0
78120,0
78127,0
78134,0
78141,0
78148,0
78155,0
78162,0
78169,0
78176,0
78183,0
78190,0
78197,0
78204,0
78211,0
78218,0
78225,0
78232,0
78239,0
78246,0
78253,0
78260,0
78267,0
78274,0
78281,0
78288,0
78295,0
78302,0
78309,0
78316,0
78323,0
78330,0
78337,0
78344,0
78351,0
78358,0
78365,0
78372,0
78379,0
78386,0
78393,0
78400,0
78407,0
78414,0
78421,0
78428,0
78435,0
78442,0
78449,0
78456,0
78463,0
78470,0
78477,0
78484,0
78491,0
78498,0
78505,0
78512,0
78519,0
78526,0
78533,0
78540,0
78547,0
78554,0
78561,0
78568,0
78575,0
78582,0
78589,0
78596,0
78603,0
78610,0
78617,0
78624,0
78631,0
78638,0
78645,0
78652,0
78659,0
78666,0
78673,0
78680,0
78687,0
78694,0
78701,0
78708,0
78715,0
78722,0
78729,0
78736,0
78743,0
78750,0
78757,0
78764,0
78771,0
78778,0
78785,0
78792,0
78799,0
78806,0
78813,0
78820,0
78827,0
78834,0
78841,0
78848,0
78855,0
78862,0
78869,0
78876,0
78883,0
78890,0
78897,0
78904,0
78911,0
78918,0
78925,0
78932,0
78939,0
78946,0
78953,0
78960,0
78967,0
78974,0
78981,0
78988,0
78995,0
79002,0
79009,0
79016,0
79023,0
79030,0
79037,0
79044,0
79051,0
79058,0
79065,0
79072,0
79079,0
79086,0
79093,0
79100,0
79107,0
79114,0
79121,0
79128,0
79135,0
79142,0
79149,0
79156,0
79163,0
79170,0
79177,0
79184,0
79191,0
79198,0
79205,0
79212,0
79219,0
79226,0
79233,0
79240,0
79247,0
79254,0
79261,0
79268,0
79275,0
79282,0
79289,0
79296,0
79303,0
79310,0
79317,0
79324,0
79331,0
79338,0
79345,0
79352,0
79359,0
79366,0
79373,0
79380,0
79387,0
79394,0
79401,0
79408,0
79415,0
79422,0
79429,0
79436,0
79443,0
79450,0
79457,0
79464,0
79471,0
79478,0
79485,0
79492,0
79499,0
79506,0
79513,0
79520,0
79527,0
79534,0
79541,0
79548,0
79555,0
79562,0
79569,0
79576,0
79583,0
79590,0
79597,0
79604,0
79611,0
79618,0
79625,0
79632,0
79639,0
79646,0
79653,0
79660,0
79667,0
79674,0
79681,0
79688,0
79695,0
79702,0
79709,0
79716,0
79723,0
79730,0
79737,0
79744,0
79751,0
79758,0
79765,0
79772,0
79779,0
79786,0
79793,0
79800,0
79807,0
79814,0
79821,0
79828,0
79835,0
79842,0
79849,0
79856,0
79863,0
79870,0
79877,0
79884,0
79891,0
79898,0
79905,0
79912,0
79919,0
79926,0
79933,0
79940,0
79947,0
79954,0
79961,0
79968,0
79975,0
79982,0
79989,0
79996,0
80003,0
80010,0
80017,0
80024,0
80031,0
80038,0
80045,0
80052,0
80059,0
80066,0
80073,0
80080,0
80087,0
80094,0
80101,0
80108,0
80115,0
80122,0
80129,0
80136,0
80143,0
80150,0
80157,0
80164,0
80171,0
80178,0
80185,0
80192,0
80199,0
80206,0
80213,0
80220,0
80227,0
80234,0
80241,0
80248,0
80255,0
80262,0
80269,0
80276,0
80283,0
80290,0
80297,0
80304,0
80311,0
80318,0
80325,0
80332,0
80339,0
80346,0
80353,0
80360,0
80367,0
80374,0
80381,0
80388,0
80395,0
80402,0
80409,0
80416,0
80423,0
80430,0
80437,0
80444,0
80451,0
80458,0
80465,0
80472,0
80479,0
80486,0
80493,0
80500,0
80507,0
80514,0
80521,0
80528,0
80535,0
80542,0
80549,0
80556,0
80563,0
80570,0
80577,0
80584,0
80591,0
80598,0
80605,0
80612,0
80619,0
80626,0
80633,0
80640,0
80647,0
80654,0
80661,0
80668,0
80675,0
80682,0
80689,0
80696,0
80703,0
80710,0
80717,0
80724,0
80731,0
80738,0
80745,0
80752,0
80759,0
80766,0
80773,0
80780,0
80787,0
80794,0
80801,0
80808,0
80815,0
80822,0
80829,0
80836,0
80843,0
80850,0
80857,0
80864,0
80871,0
80878,0
80885,0
80892,0
80899,0
80906,0
80913,0
80920,0
80927,0
80934,0
80941,0
80948,0
80955,0
80962,0
80969,0
80976,0
80983,0
80990,0
80997,0
81004,0
81011,0
81018,0
81025,0
81032,0
81039,0
81046,0
81053,0
81060,0
81067,0
81074,0
81081,0
81088,0
81095,0
81102,0
81109,0
81116,0
81123,0
81130,0
81137,0
81144,0
81151,0
81158,0
81165,0
81172,0
81179,0
81186,0
81193,0
81200,0
81207,0
81214,0
81221,0
81228,0
81235,0
81242,0
81249,0
81256,0
81263,0
81270,0
81277,0
81284,0
81291,0
81298,0
81305,0
81312,0
81319,0
81326,0
81333,0
81340,0
81347,0
81354,0
81361,0
81368,0
81375,0
81382,0
81389,0
81396,0
81403,0
81410,0
81417,0
81424,0
81431,0
81438,0
81445,0
81452,0
81459,0
81466,0
81473,0
81480,0
81487,0
81494,0
81501,0
81508,0
81515,0
81522,0
81529,0
81536,0
81543,0
81550,0
81557,0
81564,0
81571,0
81578,0
81585,0
81592,0
81599,0
81606,0
81613,0
81620,0
81627,0
81634,0
81641,0
81648,0
81655,0
81662,0
81669,0
81676,0
81683,0
81690,0
81697,0
81704,0
81711,0
81718,0
81725,0
81732,0
81739,0
81746,0
81753,0
81760,0
81767,0
81774,0
81781,0
81788,0
81795,0
81802,0
81809,0
81816,0
81823,0
81830,0
81837,0
81844,0
81851,0
81858,0
81865,0
81872,0
81879,0
81886,0
81893,0
81900,0
81907,0
81914,0
81921,0
81928,0
81935,0
81942,0
81949,0
81956,0
81963,0
81970,0
81977,0
81984,0
81991,0
81998,0
82005,0
82012,0
82019,0
82026,0
82033,0
82040,0
82047,0
82054,0
82061,0
82068,0
82075,0
82082,0
82089,0
82096,0
82103,0
82110,0
82117,0
82124,0
82131,0
82138,0
82145,0
82152,0
82159,0
82166,0
82173,0
82180,0
82187,0
82194,0
82201,0
82208,0
82215,0
82222,0
82229,0
82236,0
82243,0
82250,0
82257,0
82264,0
82271,0
82278,0
82285,0
82292,0
82299,0
82306,0
82313,0
82320,0
82327,0
82334,0
82341,0
82348,0
82355,0
82362,0
82369,0
82376,0
82383,0
82390,0
82397,0
82404,0
82411,0
82418,0
82425,0
82432,0
82439,0
82446,0
82453,0
82460,0
82467,0
82474,0
82481,0
82488,0
82495,0
82502,0
82509,0
82516,0
82523,0
82530,0
82537,0
82544,0
82551,0
82558,0
82565,0
82572,0
82579,0
82586,0
82593,0
82600,0
82607,0
82614,0
82621,0
82628,0
82635,0
82642,0
82649,0
82656,0
82663,0
82670,0
82677,0
82684,0
82691,0
82698,0
82705,0
82712,0
82719,0
82726,0
82733,0
82740,0
82747,0
82754,0
82761,0
82768,0
82775,0
82782,0
82789,0
82796,0
82803,0
82810,0
82817,0
82824,0
82831,0
82838,0
82845,0
82852,0
82859,0
82866,0
82873,0
82880,0
82887,0
82894,0
82901,0
82908,0
82915,0
82922,0
82929,0
82936,0
82943,0
82950,0
82957,0
82964,0
82971,0
82978,0
82985,0
82992,0
82999,0
83006,0
83013,0
83020,0
83027,0
83034,0
83041,0
83048,0
83055,0
83062,0
83069,0
83076,0
83083,0
83090,0
83097,0
83104,0
83111,0
83118,0
83125,0
83132,0
83139,0
83146,0
83153,0
83160,0
83167,0
83174,0
83181,0
83188,0
83195,0
83202,0
83209,0
83216,0
83223,0
83230,0
83237,0
83244,0
83251,0
83258,0
83265,0
83272,0
83279,0
83286,0
83293,0
83300,0
83307,0
83314,0
83321,0
83328,0
83335,0
83342,0
83349,0
83356,0
83363,0
83370,0
83377,0
83384,0
83391,0
83398,0
83405,0
83412,0
83419,0
83426,0
83433,0
83440,0
83447,0
83454,0
83461,0
83468,0
83475,0
83482,0
83489,0
83496,0
83503,0
83510,0
83517,0
83524,0
83531,0
83538,0
83545,0
83552,0
83559,0
83566,0
83573,0
83580,0
83587,0
83594,0
83601,1
83608,1
83615,1
83622,1
83629,1
83636,1
83643,1
83650,1
83657,1
83664,1
83671,1
83678,1
83685,1
83692,1
83699,1
83706,1
83713,1
83720,1
83727,1
83734,1
83741,1
83748,1
83755,1
83762,1
83769,1
83776,1
83783,1
83790,1
83797,1
83804,1
83811,1
83818,1
83825,1
83832,1
83839,1
83846,1
83853,1
83860,1
83867,1
83874,1
83881,1
83888,1
83895,1
83902,1
83909,1
83916,1
83923,1
83930,1
83937,1
83944,1
83951,1
83958,1
83965,1
83972,1
83979,1
83986,1
83993,2
84000,2
84007,2
84014,2
84021,2
84028,2
84035,2
84042,2
84049,2
84056,2
84063,2
84070,2
84077,2
84084,2
84091,2
84098,2
84105,2
84112,2
84119,2
84126,2
84133,2
84140,0
84147,2
84154,2
84161,2
84168,2
84175,2
84182,2
84189,2
84196,2
84203,2
84210,2
84217,2
84224,2
84231,2
84238,2
84245,2
84252,2
84259,2
84266,2
84273,2
84280,2
84287,2
84294,2
84301,2
84308,2
84315,2
84322,2
84329,2
84336,2
84343,2
84350,2
84357,2
84364,2
84371,2
84378,2
84385,2
84392,2
84399,2
84406,2
84413,2
84420,2
84427,2
84434,2
84441,2
84448,2
84455,2
84462,2
84469,2
84476,2
84483,2
84490,2
84497,2
84504,2
84511,2
84518,2
84525,2
84532,0
84539,0
84546,0
84553,0
84560,0
84567,0
84574,0
84581,0
84588,0
84595,0
84602,0
84609,0
84616,0
84623,0
84630,0
84637,0
84644,0
84651,0
84658,0
84665,0
84672,0
84679,0
84686,0
84693,0
84700,0
84707,0
84714,0
84721,0
84728,0
84735,0
84742,0
84749,0
84756,0
84763,0
84770,0
84777,0
84784,0
84791,0
84798,0
84805,0
84812,0
84819,0
84826,0
84833,0
84840,0
84847,0
84854,0
84861,0
84868,0
84875,0
84882,0
84889,0
84896,0
84903,0
84910,0
84917,0
84924,0
84931,0
84938,0
84945,0
84952,0
84959,0
84966,0
84973,0
84980,0
84987,0
84994,0
85001,0
85008,0
85015,0
85022,0
85029,0
85036,0
85043,0
85050,0
85057,0
85064,0
85071,0
85078,0
85085,0
85092,0
85099,0
85106,0
85113,0
85120,0
85127,0
85134,0
85141,0
85148,0
85155,0
85162,0
85169,0
85176,0
85183,0
85190,0
85197,0
85204,0
85211,0
85218,0
85225,0
85232,0
85239,0
85246,0
85253,0
85260,0
85267,0
85274,0
85281,0
85288,0
85295,0
85302,0
85309,0
85316,0
85323,0
85330,0
85337,0
85344,0
85351,0
85358,0
85365,0
85372,0
85379,0
85386,0
85393,0
85400,0
85407,0
85414,0
85421,0
85428,0
85435,0
85442,0
85449,0
85456,0
85463,0
85470,0
85477,0
85484,0
85491,0
85498,0
85505,0
85512,0
85519,0
85526,0
85533,0
85540,0
85547,0
85554,0
85561,0
85568,0
85575,0
85582,0
85589,0
85596,0
85603,0
85610,0
85617,0
85624,0
85631,0
85638,0
85645,0
85652,0
85659,0
85666,0
85673,0
85680,0
85687,0
85694,0
85701,0
85708,0
85715,0
85722,0
85729,0
85736,0
85743,0
85750,0
85757,0
85764,0
85771,0
85778,0
85785,0
85792,0
85799,0
85806,0
85813,0
85820,0
85827,0
85834,0
85841,0
85848,0
85855,0
85862,0
85869,0
85876,0
85883,0
85890,0
85897,0
85904,0
85911,0
85918,0
85925,0
85932,0
85939,0
85946,0
85953,0
85960,0
85967,0
85974,0
85981,0
85988,0
85995,0
86002,0
86009,0
86016,0
86023,0
86030,0
86037,0
86044,0
86051,0
86058,0
86065,0
86072,0
86079,0
86086,0
86093,0
86100,0
86107,0
86114,0
86121,0
86128,0
86135,0
86142,0
86149,0
86156,0
86163,0
86170,0
86177,0
86184,0
86191,0
86198,0
86205,0
86212,0
86219,0
86226,0
86233,0
86240,0
86247,0
86254,0
86261,0
86268,0
86275,0
86282,0
86289,0
86296,0
86303,0
86310,0
86317,0
86324,0
86331,0
86338,0
86345,0
86352,0
86359,0
86366,0
86373,0
86380,0
86387,0
86394,0
86401,0
86408,0
86415,0
86422,0
86429,0
86436,0
86443,0
86450,0
86457,0
86464,0
86471,0
86478,0
86485,0
86492,0
86499,0
86506,0
86513,0
86520,0
86527,0
86534,0
86541,0
86548,0
86555,0
86562,0
86569,0
86576,0
86583,0
86590,0
86597,0
86604,0
86611,0
86618,0
86625,0
86632,0
86639,0
86646,0
86653,0
86660,0
86667,0
86674,0
86681,0
86688,0
86695,0
86702,0
86709,0
86716,0
86723,0
86730,0
86737,0
86744,0
86751,0
86758,0
86765,0
86772,0
86779,0
86786,0
86793,0
86800,0
86807,0
86814,0
86821,0
86828,0
86835,0
86842,0
86849,0
86856,0
86863,0
86870,0
86877,0
86884,0
86891,0
86898,0
86905,0
86912,0
86919,0
86926,0
86933,0
86940,0
86947,0
86954,0
86961,0
86968,0
86975,0
86982,0
86989,0
86996,0
87003,0
87010,0
87017,0
87024,0
87031,0
87038,0
87045,0
87052,0
87059,0
87066,0
87073,0
87080,0
87087,0
87094,0
87101,0
87108,0
87115,0
87122,0
87129,0
87136,0
87143,0
87150,0
87157,0
87164,0
87171,0
87178,0
87185,0
87192,0
87199,0
87206,0
87213,0
87220,0
87227,0
87234,0
87241,0
87248,0
87255,0
87262,0
87269,0
87276,0
87283,0
87290,0
87297,0
87304,0
87311,0
87318,0
87325,0
87332,0
87339,0
87346,0
87353,0
87360,0
87367,0
87374,0
87381,0
87388,0
87395,0
87402,0
87409,0
87416,0
87423,0
87430,0
87437,0
87444,0
87451,0
87458,0
87465,0
87472,0
87479,0
87486,0
87493,0
87500,0
87507,0
87514,0
87521,0
87528,0
87535,0
87542,0
87549,0
87556,0
87563,0
87570,0
87577,0
87584,0
87591,0
87598,0
87605,0
87612,0
87619,0
87626,0
87633,0
87640,0
87647,0
87654,0
87661,0
87668,0
87675,0
87682,0
87689,0
87696,0
87703,0
87710,0
87717,0
87724,0
87731,0
87738,0
87745,0
87752,0
87759,0
87766,0
87773,0
87780,0
87787,0
87794,0
87801,0
87808,0
87815,0
87822,0
87829,0
87836,0
87843,0
87850,0
87857,0
87864,0
87871,0
87878,0
87885,0
87892,0
87899,0
87906,0
87913,0
87920,0
87927,0
87934,0
87941,0
87948,0
87955,0
87962,0
87969,0
87976,0
87983,0
87990,0
87997,0
88004,0
88011,0
88018,0
88025,0
88032,0
88039,0
88046,0
88053,0
88060,0
88067,0
88074,0
88081,0
88088,0
88095,0
88102,0
88109,0
88116,0
88123,0
88130,0
88137,0
88144,0
88151,0
88158,0
88165,0
88172,0
88179,0
88186,0
88193,0
88200,0
88207,0
88214,0
88221,0
88228,0
88235,0
88242,0
88249,0
88256,0
88263,0
88270,0
88277,0
88284,0
88291,0
88298,0
88305,0
88312,0
88319,0
88326,0
88333,0
88340,0
88347,0
88354,0
88361,0
88368,0
88375,0
88382,0
88389,0
88396,0
88403,0
88410,0
88417,0
88424,0
88431,0
88438,0
88445,0
88452,0
88459,0
88466,0
88473,0
88480,0
88487,0
88494,0
88501,0
88508,0
88515,0
88522,0
88529,0
88536,0
88543,0
88550,0
88557,0
88564,0
88571,0
88578,0
88585,0
88592,0
88599,0
88606,0
88613,0
88620,0
88627,0
88634,0
88641,0
88648,0
88655,0
88662,0
88669,0
88676,0
88683,0
88690,0
88697,0
88704,0
88711,0
88718,0
88725,0
88732,0
88739,0
88746,0
88753,0
88760,0
88767,0
88774,0
88781,0
88788,0
88795,0
88802,0
88809,0
88816,0
88823,0
88830,0
88837,0
88844,0
88851,0
88858,0
88865,0
88872,0
88879,0
88886,0
88893,0
88900,0
88907,0
88914,0
88921,0
88928,0
88935,0
88942,0
88949,0
88956,0
88963,0
88970,0
88977,0
88984,0
88991,0
88998,0
89005,0
89012,0
89019,0
89026,0
89033,0
89040,0
89047,0
89054,0
89061,0
89068,0
89075,0
89082,0
89089,0
89096,0
89103,0
89110,0
89117,0
89124,0
89131,0
89138,0
89145,0
89152,0
